id,name,calorie,protein,fat,fiber,carbohydrate,introduction
1,キヌア,344,13,3,6,69,
2,きび,353,11,3,2,71,"うるち、もちを含む
歩留り： 70～80 %"
3,薄力粉,349,8,2,3,76,(100 g： 182 mL、100 mL：55 g)
4,中力粉,337,9,2,3,75,(100 g： 182 mL、100 mL：55 g)
5,強力粉,320,13,3,11,68,(100 g： 182 mL、100 mL：55 g)
6,食パン,246,8,4,2,48,別名：イギリスパン
7,コッペパン,259,9,4,2,49,
8,乾パン,386,10,4,3,79,
9,フランスパン,289,9,1,3,58,
10,ライ麦パン,252,8,2,6,53,主原料配合： ライ麦粉 50 %
11,全粒粉パン,251,8,6,5,46,
12,ぶどうパン,263,8,4,2,51,
13,ロールパン,309,10,9,2,49,
14,クロワッサン,406,7,20,2,52,
15,くるみパン,292,8,13,2,39,
16,イングリッシュマフィン,224,8,4,1,41,
17,ナン,257,10,3,2,48,
18,ベーグル,270,10,2,3,55,
19,うどん,95,3,0,1,22,"きしめん、ひもかわを含む
食物繊維：AOAC2011.25法"
20,そうめん・ひやむぎ,114,4,0,1,26,
21,ちくわぶ,160,7,1,2,31,
22,パン粉,369,15,7,4,63,(100 g：498 mL、100 mL：16 g)
23,冷麺,249,4,1,1,58,
24,玄米,346,7,3,3,74,"うるち米
(100 g：120 mL、100 mL：83 g)"
25,ごはん（白米）,342,6,1,1,78,"うるち米
歩留り： 90～91 %
(100 g：120 mL、100 mL：83 g)"
26,ごはん（もち米）,343,6,1,1,77,"歩留り： 90～91 %
(100 g：120 mL、100 mL：83 g)"
27,ごはん（インディカ米）,347,7,1,1,78,"うるち米 歩留り： 90～91 %
(100 g：120 mL、100 mL：83 g)"
28,ごはん（発芽玄米）,339,7,3,3,74,"うるち米
試料： ビタミンB1強化品含む
(100 g：120 mL、100 mL：83 g)"
29,ごはん（黒米）,341,8,3,6,72,"ポリフェノール：0.5ｇ
食物繊維：AOAC2011.25法"
30,ごはん（玄米）,152,3,1,1,36,"うるち米
玄米47 g相当量を含む"
31,ごはん（アルファ化米）,358,6,1,1,85,
32,おにぎり,170,3,0,0,39,"塩むすび（のり、具材なし）
食塩0.5 gを含む"
33,焼きおにぎり,166,3,0,0,40,こいくちしょうゆ6.5 gを含む
34,きりたんぽ,200,3,0,0,46,
35,上新粉,343,6,1,1,79,(100 g：154 mL、100 mL：65 g)
36,玄米粉,370,7,3,4,84,焙煎あり
37,米粉,356,6,1,1,82,(100 g：169 mL、100 mL：59 g)
38,米粉パン,247,11,5,1,42,
39,ビーフン,360,7,2,1,80,
40,ライスペーパー,339,1,0,1,84,別名： 生春巻きの皮
41,米こうじ,260,6,2,1,59,
42,もち,223,4,1,1,51,
43,赤飯,186,4,1,2,42,"別名： おこわ、こわめし
原材料配合割合： もち米100、ささげ10"
44,白玉粉,347,6,1,1,80,別名：寒晒し粉（かんざらし）
45,米ぬか,374,13,20,21,49,
46,そば米,347,10,3,4,74,別名： そばごめ、むきそば
47,そば,130,5,1,3,26,"別名： そば切り
原材料配合割合： 小麦粉65、そば粉35
食物繊維：AOAC2011.25法"
48,ポップコーン,472,10,23,9,60,別名： とうきび
49,コーンフレーク,380,8,2,2,84,別名： とうきび
50,全粒粉,317,13,3,13,71,別名：黒麦（くろむぎ）
51,ライ麦粉,324,9,2,13,76,"別名:黒麦（くろむぎ）
歩留り： 65～75 %"
52,こんにゃく,42,1,0,16,17,水戻し後、ゆでたもの
53,しらたき,7,0,Tr,3,3,別名： 糸こんにゃく
54,さつまいも　蒸し,129,1,0,4,34,"別名： かんしょ（甘藷）
廃棄部位： 両端"
55,さつまいも　天ぷら,205,1,7,3,38,"別名： かんしょ（甘藷）
調理による脂質の増減：第1章表13参照"
56,焼き芋,151,1,0,4,39,"別名： かんしょ（甘藷）、石焼き芋
廃棄部位： 表層"
57,フライドポテト,153,3,6,4,25,"別名： ばれいしょ（馬鈴薯）
損傷部及び芽を除いたもの
植物油（なたね油）
調理による脂質の増減：第1章表13参照
食物繊維：AOAC2011.25法"
58,じゃがいも,59,2,0,9,17,"別名： ばれいしょ（馬鈴薯）
廃棄部位： 表層
食物繊維：AOAC2011.25法"
59,乾燥マッシュポテト,347,7,1,7,83,"別名： ばれいしょ（馬鈴薯）
酸化防止用としてビタミンC添加品あり"
60,ヤーコン　水煮,42,1,0,1,10,
61,ながいも　水煮,58,2,0,1,13,別名： やまいも
62,キャッサバでん粉,354,0,0,0,85,別名： タピオカ
63,くずでん粉,356,0,0,0,86,別名： くず粉
64,米でん粉,375,0,1,0,89,
65,小麦でん粉,360,0,1,0,86,
66,コーンスターチ,363,0,1,0,86,"別名： コーンスターチ
(100 g：200 mL、100 mL：50 g)"
67,くずきり　ゆで,133,0,0,1,33,
68,ごま豆腐,75,2,4,1,9,
69,タピオカ　パール　ゆで,61,0,Tr,0,15,
70,緑豆はるさめ　ゆで,78,Tr,0,2,21,
71,黒砂糖,352,2,Tr,0,90,別名： 黒糖
72,てんさい含蜜糖,357,1,Tr,8,97,食物繊維：AOAC2011.25法
73,和三盆糖,393,0,Tr,0,99,
74,砂糖　上白糖,391,0,0,0,99,"別名： ソフトシュガー
(100 g：154 mL、100 mL：65 g)"
75,三温糖,390,Tr,0,0,99,"別名： ソフトシュガー
(100 g：159 mL、100 mL：63 g)"
76,グラニュー糖,394,0,0,0,100,"別名： ハードシュガー
(100 g：111 mL、100 mL：90 g)"
77,角砂糖,394,0,0,0,100,
78,氷砂糖,394,0,0,0,100,別名： 氷糖
79,コーヒーシュガー,394,0,0,0,100,
80,粉糖,393,0,0,0,100,"別名： 粉砂糖
か（顆）粒糖を含む
(100 g：257 mL、100 mL：39 g)"
81,還元水あめ,210,0,Tr,14.0†,70,"†は規定法による測定値
食物繊維：AOAC2011.25法"
82,ぶどう糖　含水結晶,342,0,0,0,91,
83,ぶどう糖　無水結晶,374,0,0,0,100,
84,果糖,375,0,0,0,100,
85,異性化液糖　ぶどう糖果糖液糖,283,0,0,0,75,果糖含有率 50 %未満のもの
86,黒蜜,199,1,0,0,51,(100 g：73 mL、100 mL：138 g)
87,はちみつ,329,0,Tr,0,82,(100 g：71 mL、100 mL：140 g)
88,メープルシロップ,266,0,0,0,66,"別名： かえで糖
(100 g：76 mL、100 mL：132 g)"
89,あずき　ゆで,124,9,1,9,26,食物繊維：AOAC2011.25法
90,あずき　ゆで　缶詰,202,4,0,3,49,"液汁を含む
(100 g：81mL、100 mL：124 g)"
91,あんこ　こしあん,147,10,1,7,27,
92,あんこ　つぶあん,239,6,1,6,54,"別名：小倉あん
加糖あん"
93,いんげんまめ　ゆで,127,9,1,14,25,金時類、白金時類、手亡類、鶉類、大福、虎豆を含む
94,青えんどう　ゆで,129,9,1,8,25,
95,赤えんどう　ゆで,129,9,1,8,25,
96,グリンピース（揚げ豆）,375,21,12,20,59,
97,塩豆,321,23,2,18,62,炭酸カルシウム使用
98,そらまめ,436,25,21,15,46,"別名： いかり豆
種皮付き"
99,だいず　ゆで,145,15,8,8,10,食物繊維：AOAC2011.25法
100,きな粉　無糖,456,38,25,15,30,(100 g：292mL、100 mL：34g)
101,きな粉　砂糖入り,406,18,13,9,64,原材料材料配合割合：きな粉1、上白糖1
102,木綿豆腐,73,7,5,1,2,"凝固剤の種類は問わないもの
食物繊維：AOAC2011.25法"
103,絹ごし豆腐,56,5,4,1,2,"凝固剤の種類は問わないもの
食物繊維：AOAC2011.25法"
104,焼き豆腐,82,8,6,1,1,
105,油揚げ,377,23,34,1,0,
106,油揚げ　油抜き,164,12,14,1,0,
107,がんもどき,223,15,18,1,2,
108,凍り豆腐,104,11,7,1,1,"別名： 高野豆腐
湯戻し後、煮たもの"
109,豆腐よう,183,10,8,1,19,
110,納豆,190,17,10,7,12,ビタミンK： メナキノン-7を含む
111,挽きわり納豆,185,17,10,6,11,ビタミンK： メナキノン-7を含む
112,おから　生,88,6,4,12,14,
113,おからパウダー,333,23,14,44,52,
114,無調整豆乳,44,4,2,0,3,
115,調製豆乳,63,3,4,0,5,
116,豆乳飲料・麦芽コーヒー,59,2,2,0,8,
117,湯葉　生,218,22,14,1,4,
118,レンズまめ,149,11,1,9,29,別名： ひらまめ
119,アーモンド　有塩,626,21,56,10,18,
120,アーモンド　無塩,608,20,54,11,21,
121,カシューナッツ　有塩,591,20,48,7,27,
122,ぎんなん　ゆで,169,5,2,2,36,薄皮を除いたもの
123,栗　甘露煮,232,2,0,3,57,液汁を除いたもの
124,くるみ　無塩,713,15,69,8,12,廃棄率： 殻つきの場合 55 %
125,ココナッツパウダー,676,6,66,14,24,
126,いりごま,605,20,54,13,19,(100 g：154mL、100 mL：65g)
127,ねりごま,646,19,61,11,16,(100 g：95mL、100 mL：105g)
128,チアシード　乾,446,19,34,37,35,"ポリフェノール： 0.4 g
食物繊維：AOAC2011.25法"
129,ピスタチオ,617,17,56,9,21,廃棄部位： 殻
130,ひまわりの種,587,20,56,7,17,
131,ヘーゼルナッツ,701,14,69,7,14,"別名： ヘイゼルナッツ、西洋はしばみ、フィルバート
薄皮を除いたもの"
132,ピーカンナッツ,716,10,73,7,13,
133,マカダミアナッツ,751,8,77,6,12,
134,バターピーナッツ,609,23,53,10,18,食物繊維：AOAC2011.25法
135,ピーナッツバター,599,21,50,8,25,食物繊維：AOAC2011.25法
136,アスパラガス　ゆで,25,3,0,2,5,"試料： グリーンアスパラガス
株元を除いたもの
硝酸イオン： Tr"
137,アスパラガス　ソテー,54,3,4,2,4,"試料： グリーンアスパラガス
株元を除いたもの
植物油（なたね油）
調理による脂質の増減：第1章表14参照
硝酸イオン： 0 g"
139,えだまめ　ゆで,118,12,6,5,9,"廃棄部位： さや
硝酸イオン： 0 g"
140,豆苗　ゆで,28,4,1,4,4,"ゆでた後水冷し、手搾りしたもの
硝酸イオン： 0 g"
141,豆苗　ソテー,84,5,6,3,4,"植物油（なたね油）
調理による脂質の増減：第1章表14参照
硝酸イオン： 0 g"
142,さやえんどう　ゆで,36,3,0,3,7,"別名： きぬさやえんどう
すじ及び両端を除いたもの
硝酸イオン： Tr"
143,グリンピース　ゆで,99,8,0,9,19,"別名： みえんどう
さやを除いたもの
硝酸イオン： (0) g"
144,グリンピース　ソテー,114,6,5,9,18,"別名： みえんどう
植物油（なたね油）
調理による脂質の増減：第1章表14参照
硝酸イオン： 0 g
食物繊維：AOAC2011.25法"
145,おおさかしろな,16,2,0,2,3,"廃棄部位： 株元
ゆでた後水冷し、手搾りしたもの
硝酸イオン： 0.2 g"
146,おかひじき,16,1,0,3,4,"別名： みるな
茎基部を除いたもの
硝酸イオン： 0.4 g"
147,オクラ,29,2,0,5,8,"廃棄部位： へた
硝酸イオン： 0 g"
148,かぶ　葉,20,2,0,4,4,"別名： かぶら、すずな
廃棄部位： 葉柄基部
ゆでた後水冷し、手搾りしたもの
硝酸イオン： 0.1 g"
149,かぶ　根,18,1,0,2,5,"別名： かぶら、すずな
根端及び葉柄基部を除いたもの
硝酸イオン： 0.1 g"
150,かぶ　ぬかみそ漬　葉,35,3,0,4,7,"別名： かぶら、すずな
廃棄部位： 葉柄基部
水洗いし、手搾りしたもの"
151,かぶ　ぬかみそ漬　根,27,2,0,2,6,"別名： かぶら、すずな
水洗いし、水切りしたもの"
152,かぼちゃ,50,2,0,4,13,"別名： とうなす、ぼうぶら、なんきん
わた､種子及び両端を除いたもの
硝酸イオン： (Tr)"
153,そうめんかぼちゃ,25,1,0,2,6,"別名： ぺぽかぼちゃ、きんしうり、そうめんうり、いとかぼちゃ
廃棄部位： わた、種子、皮及び両端
硝酸イオン： 0.1 g"
154,からしな　葉　生,26,3,0,4,5,"別名： 葉がらし、菜がらし
株元を除いたもの
硝酸イオン： 0.3 g"
155,からしな　塩漬,36,4,0,5,7,"別名： 葉がらし、菜がらし
株元を除いたもの
水洗いし、手搾りしたもの
硝酸イオン： 0.4 g"
156,カリフラワー　ゆで,26,3,0,3,5,"別名： はなやさい
茎葉を除いたもの
硝酸イオン： (Tr)"
157,かんぴょう　ゆで,21,1,0,5,7,硝酸イオン： 0.1 g
158,キャベツ　生,21,1,0,2,5,"別名： かんらん、たまな
廃棄部位： しん
硝酸イオン： 0.1 g"
159,キャベツ　ゆで,19,1,0,2,5,"別名： かんらん、たまな
しんを除いたもの
硝酸イオン： 0.1 g"
160,キャベツ　油いため,78,2,6,2,6,"別名： かんらん、たまな
しんを除いたもの
植物油（なたね油）
調理による脂質の増減：第1章表14参照
硝酸イオン： 0.1 g "
161,グリーンボール　生,20,1,0,2,4,"廃棄部位： しん
硝酸イオン： 0.1 g"
162,レッドキャベツ　生,30,2,0,3,7,"別名： 赤キャベツ、紫キャベツ
廃棄部位： しん
硝酸イオン： Tr"
163,きゅうり　生,13,1,0,1,3,"廃棄部位： 両端
硝酸イオン： Tr"
164,きゅうり　漬物,17,1,0,1,4,"廃棄部位： 両端
水洗いし、水切りしたもの
硝酸イオン： Tr"
165,きゅうり　漬物　しょうゆ漬,51,3,0,3,11,硝酸イオン： Tr
166,きゅうり　漬物　ぬかみそ漬,28,2,0,2,6,"廃棄部位： 両端
水洗いし、水切りしたもの
硝酸イオン： Tr"
167,きゅうり　漬物　ピクルス,70,0,0,2,18,"酢漬けしたもの
硝酸イオン： (Tr)"
168,ぎょうじゃにんにく　生,35,4,0,3,7,"別名： アイヌねぎ、ヒトビロ、やまびる
廃棄部位： 底盤部及び萌芽葉
硝酸イオン： Tr"
169,クレソン　生,13,2,0,3,3,"別名： オランダがらし、オランダみずがらし
廃棄部位： 株元
硝酸イオン： 0.1 g"
170,くわい　ゆで,129,6,0,3,27,皮及び芽を除いたもの
171,ケール　生,26,2,0,4,6,"別名： 葉キャベツ、はごろもかんらん
廃棄部位： 葉柄基部
硝酸イオン： 0.2 g"
172,こごみ　生,25,3,0,5,5,"別名： くさそてつ、こごめ
硝酸イオン： Tr"
173,ごぼう　根　生,58,2,0,6,15,"廃棄部位： 皮、葉柄基部及び先端
硝酸イオン： 0.1 g"
174,ごぼう　根　ゆで,50,2,0,6,14,"皮、葉柄基部及び先端を除いたもの
硝酸イオン： 0.1 g"
175,こまつな　生,13,2,0,2,2,"廃棄部位： 株元
硝酸イオン： 0.5 g"
176,こまつな　ゆで,14,2,0,2,3,"廃棄部位： 株元
ゆでた後水冷し、手搾りしたもの
硝酸イオン： 0.3 g"
177,パクチー　生,18,1,0,4,5,"別名： 香菜（シャンツァイ）、パクチー
廃棄部位： 根、食物繊維：AOAC2011.25法
硝酸イオン：0.3ｇ"
178,ザーサイ　漬物,20,3,0,5,5,"別名： ダイシンサイ
硝酸イオン： 0.2 g"
179,ししとう　油いため,51,2,3,4,6,"別名： ししとうがらし
へたを除いたもの
植物油（調合油）
硝酸イオン： 0 g"
180,しそ　葉　生,32,4,0,7,8,"別名 ： 大葉
試料： 青じそ
廃棄率： 小枝つきの場合40 %
硝酸イオン： 0.1 g"
181,しそ　実　生,32,3,0,9,9,"試料： 青じそ
廃棄率： 穂じその場合 35 %
硝酸イオン： Tr"
182,しゅんぎく　葉　生,20,2,0,3,4,"別名： きくな
廃棄部位： 基部
廃棄率： 根つきの場合 15 %
硝酸イオン： 0.3 g"
183,しゅんぎく　葉　ゆで,25,3,1,4,5,"別名： きくな
ゆでた後水冷し、手搾りしたもの
硝酸イオン： 0.2 g"
184,じゅんさい　水煮,4,0,0,1,1,液汁を除いたもの
185,しょうが　生　おろし,58,1,1,7,16,"別名：ひねしょうが
全体に対する割合24 %
硝酸イオン： Tr"
186,しょうが　生　おろし汁,17,0,0,0,4,"別名：ひねしょうが
全体に対する割合76 %
硝酸イオン： Tr"
187,しょうが　酢漬,15,0,0,2,4,"別名： 紅しょうが
原材料：ひねしょうが
液汁を除いたもの
硝酸イオン： 0g"
188,しょうが　甘酢漬,44,0,0,2,11,"別名： ガリ
原材料：新しょうが
液汁を除いたもの
硝酸イオン： 0g"
189,新しょうが　生,10,0,0,2,3,"廃棄部位： 皮及び茎
食物繊維：AOAC2011.25法
硝酸イオン：0.1ｇ"
190,ズッキーニ　生,16,1,0,1,3,"別名： つるなしかぼちゃ
廃棄部位： 両端
硝酸イオン： 0.1 g"
191,せり　生,17,2,0,3,3,"別名： かわな
廃棄部位： 根及び株元
硝酸イオン： 0 g"
192,せり　ゆで,17,2,0,3,3,"別名： かわな
根を除いたもの
廃棄部位： 株元
ゆでた後水冷し、手搾りしたもの
硝酸イオン： 0 g"
193,セロリ　生,12,0,0,2,4,"別名： セロリー、セルリー、オランダみつば
廃棄部位： 株元、葉身及び表皮
硝酸イオン： 0.2 g"
194,ぜんまい　ゆで,17,1,0,4,4,"株元及び裸葉を除いたもの
ゆでた後水冷し、水切りしたもの
硝酸イオン： 0 g"
195,そらまめ　ゆで,103,11,0,4,17,"廃棄部位： 種皮
廃棄率： さや入りの場合 80 %
硝酸イオン： (0) g"
196,タアサイ　ゆで,11,1,0,2,2,"別名： ひさごな、ゆきな、タァサイ、ターサイ、ターツァイ、きさらぎな
廃棄部位： 株元
ゆでた後水冷し、手搾りしたもの
硝酸イオン： 0.5 g"
197,だいこん　ゆで,15,0,Tr,2,5,"根端及び葉柄基部を除いたもの
硝酸イオン： 0.2 g"
198,だいこん　おろし,25,1,0,5,8,"全体に対する割合18 %
硝酸イオン： 0.2 g"
199,だいこん　おろし汁,12,0,Tr,0,3,"全体に対する割合82 %
硝酸イオン： 0.2 g"
200,切干しだいこん　ゆで,13,1,0,4,4,"水もどし後、ゆでた後湯切りしたもの
硝酸イオン： Tr"
201,切干しだいこん　油いため,78,2,6,6,8,"水もどし後、油いため
植物油（なたね油）
調理による脂質の増減：第1章表14参照
硝酸イオン： Tr"
202,いぶりがっこ,76,1,0,7,21,"硝酸イオン：0.2ｇ
食物繊維：AOAC2011.25法"
203,だいこん　ぬかみそ漬,29,1,0,2,7,"根、皮つき
水洗いし、水切りしたもの"
204,たくあん,43,1,0,2,11,"別名： 新漬たくあん、早漬たくあん
ビタミンC： 酸化防止用として添加
硝酸イオン： Tr"
205,べったら漬,53,0,0,2,13,"ビタミンC： 酸化防止用として添加
硝酸イオン：0.1 g"
206,福神漬,137,3,0,4,33,"原材料： だいこん、なす、なたまめ、れんこん、しょうが等
市販品の調味液を除去したもの"
207,たかな漬,30,2,1,4,6,硝酸イオン：Tr
208,たけのこ　生,27,4,0,3,4,"廃棄部位： 竹皮及び基部
廃棄率： はちく、まだけ等の小型の場合 60 %
硝酸イオン： Tr"
209,たけのこ　ゆで,31,4,0,3,6,"竹皮及び基部を除いたもの
硝酸イオン： (Tr)"
210,たけのこ　水煮缶詰,22,3,0,2,4,"液汁を除いたもの
硝酸イオン： 0 g"
211,メンマ,15,1,1,4,4,"別名： しなちく
硝酸イオン： (Tr)"
212,たまねぎ　生,33,1,0,2,8,"廃棄部位： 皮（保護葉）、底盤部及び頭部
硝酸イオン：0ｇ"
213,たまねぎ　ゆで,30,1,0,2,7,"皮（保護葉）、底盤部及び頭部を除いたもの
硝酸イオン： Tr"
214,たまねぎ　油いため,100,1,6,3,12,"皮（保護葉）、底盤部及び頭部を除いたもの
植物油（なたね油）
調理による脂質の増減：第1章表14参照
硝酸イオン： Tr"
215,あめ色たまねぎ,208,3,7,-,34,"皮（保護葉）、底盤部及び頭部を除いたもの
植物油（なたね油）
調理による脂質の増減：第1章表14参照
硝酸イオン：0ｇ"
216,赤たまねぎ,34,1,0,2,9,"別名： レッドオニオン、紫たまねぎ
廃棄部位： 皮（保護葉）、底盤部及び頭部
硝酸イオン： Tr"
217,たらのめ　生,27,4,0,4,4,"廃棄部位： 木質部及びりん片
硝酸イオン： 0 g"
218,たらのめ　ゆで,27,4,0,4,4,"木質部及びりん片を除いたもの
ゆでた後水冷し、手搾りしたもの
硝酸イオン： 0 g"
219,チコリ　生,17,1,Tr,1,4,"別名： きくにがな、アンディーブ、チコリー
廃棄部位： 株元及びしん
硝酸イオン： Tr"
220,ちぢみゆきな　葉　生,35,4,1,4,6,"廃棄部位： 株元
硝酸イオン： 0.2 g"
221,ちぢみゆきな　葉　ゆで,34,4,1,4,5,"廃棄部位： 株元
ゆでた後水冷し、手搾りしたもの
硝酸イオン： 0.2 g"
222,チンゲンサイ　葉　生,9,1,0,1,2,"廃棄部位： しん
硝酸イオン： 0.5 g"
223,チンゲンサイ　葉　ゆで,11,1,0,2,2,"廃棄部位： しん
ゆでた後水冷し、手搾りしたもの
硝酸イオン： 0.5 g"
224,チンゲンサイ　葉　油いため,36,1,3,1,2,"しんを除いたもの
植物油（なたね油）
調理による脂質の増減：第1章表14参照
硝酸イオン： 0.5 g"
225,つくし　胞子茎　生,31,4,0,8,8,廃棄部位： 基部及びはかま（葉鞘）
226,つくし　胞子茎　ゆで,28,3,0,7,7,"基部及びはかま（葉鞘）を除いたもの
ゆでた後水冷し、手搾りしたもの"
227,つるな　茎葉　生,15,2,0,2,3,"別名： はまぢしゃ
硝酸イオン： 0.2 g"
228,つるにんじん　根　生,55,1,1,17,20,"硝酸イオン： 0 g
食物繊維：AOAC2011.25法"
229,つるむらさき　茎葉　生,11,1,0,2,3,硝酸イオン： 0.3 g
230,つるむらさき　茎葉　ゆで,12,1,0,3,3,"ゆでた後水冷し、手搾りしたもの
硝酸イオン： 0.3 g"
231,とうがらし,32,3,0,6,7,"別名： なんばん、葉とうがらし
試料： 辛味種
廃棄部位： 硬い茎及びへた
重量比： 葉6、実4
硝酸イオン： 0.4 g"
232,とうがん　生,15,1,0,1,4,"別名： かもうり
廃棄部位： 果皮、わた及びへた"
233,とうがん　ゆで,15,1,0,2,4,"別名： かもうり
果皮、わた及びへたを除いたもの"
234,スイートコーン　生,89,4,2,3,17,"廃棄部位： 包葉、めしべ及び穂軸
硝酸イオン： 0 g"
235,スイートコーン　ゆで,95,4,2,3,19,"包葉及びめしべを除いたもの
廃棄部位： 穂軸
硝酸イオン： 0 g"
236,ヤングコーン　生,29,2,0,3,6,"別名： ベビーコーン、ミニコーン
穂軸基部を除いたもの
廃棄率： 穂軸基部つきの場合10%
硝酸イオン： 0 g"
237,トマト,20,1,0,1,5,"廃棄部位： へた
硝酸イオン： 0 g"
238,ミニトマト,30,1,0,1,7,"別名： プチトマト、チェリートマト
廃棄部位： へた
硝酸イオン： 0 g
"
239,ドライトマト,291,14,2,22,67,硝酸イオン： 0 g
240,トマト缶　ホール　食塩無添加,21,1,0,1,4,"別名： トマト水煮缶詰
液汁を除いたもの
硝酸イオン： (0) g"
241,トマトジュース　食塩添加,15,1,0,1,4,"果汁100  %
硝酸イオン： (0) g
(100 g：97mL、100 mL：103g)"
242,トマトジュース　食塩無添加,18,1,0,1,4,"果汁100  %
硝酸イオン： (0) g
(100 g：97mL、100 mL：103g)"
243,なす　生,18,1,0,2,5,"廃棄部位： へた
硝酸イオン： Tr"
244,なす　ゆで,17,1,0,2,5,"へたを除いたもの
硝酸イオン： Tr"
245,なす　油いため,73,2,6,3,6,"へたを除いたもの
植物油（なたね油）
調理による脂質の増減：第1章表14参照
硝酸イオン： Tr"
246,なす　天ぷら,165,2,14,2,12,"へたを除いたもの
硝酸イオン： Tr
調理による脂質の増減：第1章表13参照"
247,なす　漬物,22,1,0,3,5,"水洗いし、水切りしたもの
硝酸イオン： (Tr)"
248,なす　ぬかみそ漬,27,2,0,3,6,"水洗いし、水切りしたもの
廃棄率： へたつきの場合10%
硝酸イオン： (Tr)"
249,しば漬,27,1,0,4,7,"市販品の液汁を除いたもの
硝酸イオン： 0.1 g"
250,にがうり　果実　生,15,1,0,3,4,"別名： つるれいし、ゴーヤ
廃棄部位： 両端、わた及び種子
硝酸イオン： Tr"
251,にがうり　果実　油いため,47,1,3,3,5,"別名： つるれいし、ゴーヤ
両端、わた及び種子を除いたもの
植物油（調合油）
調理による脂質の増減：第1章表14参照
硝酸イオン： (Tr)"
252,にら　生,18,2,0,3,4,"廃棄部位： 株元
硝酸イオン： 0.3 g"
253,にら　ゆで,27,3,1,4,6,"株元を除いたもの
ゆでた後水冷し、手搾りしたもの
硝酸イオン： 0.3 g"
254,にら　油いため,69,2,6,4,5,"株元を除いたもの
植物油（なたね油）
調理による脂質の増減：第1章表14参照
硝酸イオン： 0.4 g"
255,黄にら　生,18,2,0,2,3,硝酸イオン： Tr
257,にんじん　生,35,1,0,3,9,"廃棄部位： 根端及び葉柄基部
硝酸イオン： 0 g"
258,にんじん　ゆで,29,1,0,3,8,"根端及び葉柄基部を除いたもの
硝酸イオン： 0 g"
261,にんじん　油いため,103,1,6,3,12,"根端、葉柄基部及び皮を除いたもの
植物油（なたね油）
調理による脂質の増減：第1章表14参照
硝酸イオン： 0 g"
262,にんじん　素揚げ,87,1,4,1,14,"別名： フライドキャロット
根端、葉柄基部及び皮を除いたもの
植物油（なたね油）
硝酸イオン： 0 g"
263,にんじんのグラッセ,53,1,1,3,13,硝酸イオン : Tr
264,にんじん　ジュース,29,1,0,0,7,硝酸イオン： (Tr)
265,きんとき　ゆで,37,2,0,4,9,"別名： きょうにんじん
根端及び葉柄基部を除いたもの
硝酸イオン： Tr"
266,きんとき　生,40,2,0,4,10,"別名： きょうにんじん
廃棄部位： 根端、葉柄基部及び皮
硝酸イオン： Tr"
267,にんにく　生,129,6,1,6,28,"廃棄部位： 茎、りん皮及び根盤部
硝酸イオン： 0 g"
268,にんにく　油いため,191,8,6,7,31,"茎、りん皮及び根盤部を除いたもの
植物油（なたね油）
調理による脂質の増減：第1章表14参照
硝酸イオン： 0 g"
269,茎にんにく　生,44,2,0,4,11,"別名： にんにくの芽
硝酸イオン： Tr"
270,茎にんにく　ゆで,43,2,0,4,11,"別名： にんにくの芽
ゆでた後水冷し、水切りしたもの
硝酸イオン： Tr"
271,根深ねぎ　生,35,1,0,3,8,"別名： 長ねぎ
廃棄部位： 株元及び緑葉部
硝酸イオン： Tr"
272,根深ねぎ　ゆで,28,1,0,3,7,"別名： 長ねぎ
株元及び緑葉部を除いたもの
硝酸イオン： Tr"
273,根深ねぎ　油いため,77,2,4,3,10,"別名： 長ねぎ
株元及び緑葉部を除いたもの
植物油（なたね油）
調理による脂質の増減：第1章表14参照
硝酸イオン： Tr"
274,葉ねぎ　生,29,2,0,3,7,"別名： 青ねぎ
廃棄部位： 株元
硝酸イオン： 0.1 g"
275,葉ねぎ　油いため,77,2,5,4,8,"別名： 青ねぎ
株元を除いたもの
植物油（なたね油）
調理による脂質の増減：第1章表14参照
硝酸イオン： 0.1 g"
276,こねぎ　葉　生,26,2,0,3,5,"万能ねぎ等を含む
廃棄部位： 株元
硝酸イオン： 0.1 g"
277,のざわな　生,14,1,0,2,4,"廃棄部位： 株元
硝酸イオン： 0.4 g"
278,のざわな　漬物,17,1,0,3,4,"廃棄部位： 株元
水洗いし、手搾りしたもの
硝酸イオン： 0.4 g"
279,はくさい　生,13,1,0,1,3,"廃棄部位： 株元
硝酸イオン： 0.1 g"
280,はくさい　ゆで,13,1,0,1,3,"廃棄部位： 株元
ゆでた後水冷し、手搾りしたもの
硝酸イオン： 0.2 g"
281,はくさい　塩漬,17,2,0,2,3,"廃棄部位： 株元
液汁を除いたもの
硝酸イオン：0.1 g"
282,キムチ,27,2,0,2,5,硝酸イオン： 0.2 g
283,バジル　生,21,2,1,4,4,"別名： バジリコ、スイートバジル
廃棄部位： 茎及び穂
硝酸イオン： 0.4 g"
284,パセリ　生,34,4,1,7,8,"別名： オランダぜり
廃棄部位： 茎
硝酸イオン： 0.2 g"
285,はつかだいこん　生,13,1,0,1,3,"別名： ラディッシュ
試料： 赤色球形種
廃棄部位： 根端、葉及び葉柄基部
硝酸イオン： 0.3 g"
286,はなっこりー　生,34,4,1,3,5,"硝酸イオン： Tr
食物繊維：AOAC2011.25"
287,ビーツ　生,38,2,0,3,9,"別名： ビート、ビートルート、レッドビート、テーブルビート、かえんさい
廃棄部位： 根端、皮及び葉柄基部
硝酸イオン： 0.3 g"
288,ビーツ　ゆで,42,2,0,3,10,"別名： ビート、ビートルート、レッドビート、テーブルビート、かえんさい
根端及び葉柄基部を除いたもの
廃棄部位： 皮
硝酸イオン： 0.3 g"
289,青ピーマン　生,20,1,0,2,5,"廃棄部位： へた、しん及び種子
硝酸イオン： Tr"
290,青ピーマン　油いため,54,1,4,2,5,"へた、しん及び種子を除いたもの
植物油（調合油）
調理による脂質の増減：第1章表14参照
硝酸イオン： (Tr)"
291,赤ピーマン　生,28,1,0,2,7,"別名： パプリカ
廃棄部位： へた、しん及び種子
硝酸イオン： 0 g"
292,赤ピーマン　油いため,69,1,4,2,8,"別名： パプリカ
へた、しん及び種子を除いたもの
植物油（調合油）
調理による脂質の増減：第1章表14参照
硝酸イオン： (0) g"
293,オレンジピーマン　生,19,1,0,2,4,"別名： パプリカ
廃棄部位： へた、しん及び種子
食物繊維：AOAC2011.25法
硝酸イオン：0ｇ"
294,オレンジピーマン　油いため,81,1,5,-,8,"別名： パプリカ
へた、しん及び種子を除いたもの
植物油（なたね油）
調理による脂質の増減：第1章表14参照
硝酸イオン：0ｇ"
295,黄ピーマン　生,28,1,0,1,7,"別名： パプリカ、キングベル
廃棄部位： へた、しん及び種子
硝酸イオン： 0 g"
296,黄ピーマン　油いため,61,1,4,1,7,"別名： パプリカ、キングベル
へた、しん及び種子を除いたもの
植物油（調合油）： 4.1 g
調理による脂質の増減：第1章表14参照
硝酸イオン： (0) g"
297,トマピー　生,33,1,0,2,8,"別名： ミニパプリカ
廃棄部位： へた、しん及び種子
硝酸イオン： 0 g"
298,ふき　生,11,0,0,1,3,"廃棄部位： 葉、表皮及び葉柄基部
硝酸イオン： 0.2 g"
299,ふき　ゆで,7,0,0,1,2,"葉及び葉柄基部を除いたもの
ゆでた後水冷し、水切りしたもの
廃棄部位： 表皮
硝酸イオン： Tr"
300,ふきのとう　生,38,3,0,6,10,"廃棄部位： 花茎
硝酸イオン： 0 g"
301,ふきのとう　ゆで,31,3,0,4,7,"花茎を除いたもの
硝酸イオン： 0 g"
302,ブロッコリー　生,37,5,1,5,7,"廃棄部位： 茎葉
硝酸イオン：Ｔｒ"
303,ブロッコリー　ゆで,30,4,0,4,5,"茎葉を除いたもの
硝酸イオン：Tr"
304,ブロッコリー　焼き,83,10,1,-,8,"茎葉を除いたもの
硝酸イオン：Tr"
305,ブロッコリー　油いため,109,7,6,-,6,"茎葉を除いたもの
植物油（なたね油）
調理による脂質の増減：第1章表14参照
硝酸イオン：Tr"
306,へちま　生,17,1,0,1,4,"別名： いとうり、ナーベーラー 、 ナビャーラ 、 ナベーラ、ナーベナ
廃棄部位： 両端及び皮
硝酸イオン： Tr"
307,へちま　ゆで,19,2,0,2,4,"別名： いとうり、ナーベーラー 、 ナビャーラ 、 ナベーラ、ナーベナ
両端及び皮を除いたもの
硝酸イオン： 0 g"
308,ほうれんそう　生,18,2,0,3,3,"廃棄部位： 株元
硝酸イオン： 0.2 g"
309,ほうれんそう　ゆで,23,3,1,4,4,"廃棄部位： 株元
ゆでた後水冷し、手搾りしたもの
硝酸イオン： 0.2 g"
310,ほうれんそう　油いため,91,4,8,5,4,"株元を除いたもの
植物油（なたね油）
調理による脂質の増減：第1章表14参照
硝酸イオン： 0.2 g"
311,まこも　生,19,1,0,2,4,"別名： まこもたけ
廃棄部位： 葉鞘及び基部
硝酸イオン： Tr"
312,みずな　葉　生,23,2,0,3,5,"別名： きょうな、せんすじきょうな
廃棄部位： 株元
硝酸イオン： 0.2 g"
313,みずな　葉　ゆで,21,2,0,4,5,"別名： きょうな、せんすじきょうな
株元を除いたもの
ゆでた後水冷し、手搾りしたもの
硝酸イオン： 0.3 g"
314,みずな　塩漬,26,2,0,4,6,"別名： きょうな、せんすじきょうな
廃棄部位： 株元
水洗いし、手搾りしたもの
硝酸イオン： 0.4 g "
315,みつば,16,1,0,3,4,"軟白栽培品
硝酸イオン： Tr"
316,みょうが,11,1,0,2,3,"別名： 花みょうが、みょうがの子
廃棄部位： 花茎"
317,むかご,87,3,0,4,21,廃棄部位： 皮
318,芽キャベツ,52,6,0,6,10,"別名： こもちかんらん、姫かんらん、姫キャベツ
硝酸イオン： Tr"
319,もやし,11,2,0,1,2,"別名： 糸もやし
硝酸イオン： Tr"
320,だいずもやし,29,4,2,2,2,"廃棄部位： 種皮及び損傷部
硝酸イオン： 0 g"
321,（もやし類）　だいずもやし　ゆで,27,3,2,2,2,"種皮及び損傷部を除いたもの
ゆでた後水冷し、水切りしたもの
硝酸イオン： (0) g"
322,（もやし類）　ブラックマッペもやし　生,17,2,Tr,2,3,"廃棄部位： 種皮及び損傷部
硝酸イオン：0g"
323,（もやし類）　ブラックマッペもやし　ゆで,13,1,Tr,2,3,"種皮及び損傷部を除いたもの
ゆでた後水冷し、水切りしたもの
硝酸イオン： (0) g"
324,（もやし類）　ブラックマッペもやし　油いため,41,2,1,-,6,"種皮及び損傷部を除いたもの
植物油（なたね油）
調理による脂質の増減：第1章表14参照
硝酸イオン： 0 g"
325,（もやし類）　りょくとうもやし　生,15,2,0,1,3,"廃棄部位： 種皮及び損傷部
硝酸イオン： (0) g"
326,モロヘイヤ,24,3,0,4,4,"ゆでた後水冷し、手搾りしたもの
硝酸イオン：0.1 g"
327,ゆりね,117,3,0,6,29,"根、根盤部及び損傷部を除いたもの
硝酸イオン： 0 g"
328,よもぎ,43,5,0,8,9,"別名： もちぐさ、よもぎな
硝酸イオン： Tr"
329,らっきょう　甘酢漬,117,0,0,3,29,"別名： おおにら、さとにら
液汁を除いたもの
硝酸イオン： 0g "
330,エシャレット,59,2,0,11,18,"土寄せ軟白若採りのらっきょう
別名： エシャ、エシャらっきょう
廃棄部位： 株元及び緑葉部
硝酸イオン： Tr"
331,ルバーブ,14,1,0,3,5,"別名： しょくようだいおう
表皮及び両端を除いたもの
硝酸イオン： 0.1 g"
332,レタス,11,1,0,1,3,"別名： たまちしゃ
廃棄部位： 株元
硝酸イオン： 0.1 g"
333,サラダ菜,10,1,0,2,3,"廃棄部位： 株元
硝酸イオン： 0.2 g"
334,リーフレタス,16,1,0,2,3,"別名： ちりめんちしゃ、あおちりめんちしゃ
廃棄部位： 株元
硝酸イオン： 0.2 g"
335,サニーレタス,15,1,0,2,3,"別名： あかちりめんちしゃ
廃棄部位： 株元
硝酸イオン： 0.2 g"
336,サンチュ,14,1,0,2,3,"別名： かきちしゃ
株元を除いたもの
（株元つきの場合、廃棄率：9 %）
硝酸イオン： 0.4 g"
337,れんこん,66,1,0,2,16,"節部及び皮を除いたもの
硝酸イオン： 0 g"
338,甘酢れんこん,66,1,0,2,17,"*ヨウ素： 第3章参照
硝酸イオン： 0 g"
339,わけぎ,30,2,0,3,7,"廃棄部位： 株元
硝酸イオン： Tr"
340,わらび,19,2,0,4,4,"廃棄部位： 基部
硝酸イオン： Tr"
341,ミックスベジタブル,67,3,1,6,15,"配合割合： グリンピース冷凍29、スイートコーン冷凍37、 にんじん冷凍34
硝酸イオン： 0 g
食物繊維：AOAC2011.25法"
342,野菜ジュース　通常タイプ,21,1,0,1,5,"硝酸イオン： 0 g
ポリフェノール： Tr
食物繊維：AOAC2011.25法"
343,野菜ジュース　濃縮タイプ,36,1,0,1,8,"硝酸イオン： Tr
ポリフェノール： Tr
食物繊維：AOAC2011.25法"
344,アサイー,62,1,5,5,5,"ポリフェノール：0.4ｇ、タンニン：0.4ｇ
食物繊維：AOAC2011.25法"
345,アセロラ　果実飲料　10%果汁入り飲料,42,0,0,0,11,
346,アボカド,176,2,18,6,8,"別名： アボガド
廃棄部位： 果皮及び種子"
347,あんず,37,1,0,2,9,"別名： アプリコット
廃棄部位： 核及び果柄"
348,あんず　ドライ,296,9,0,10,70,"別名： アプリコット
果皮及び核を除いたもの"
349,あんず　缶詰,79,1,0,1,19,"別名： アプリコット
試料: ヘビーシラップ漬
液汁を含んだもの (液汁 40 % )
ビタミンC： 酸化防止用として添加品あり"
350,あんず　ジャム,252,0,0,1,65,"別名： アプリコット
ビタミンC： 酸化防止用として添加品あり
(100 g：125mL、100 mL：80g)　"
351,いちご,31,1,0,1,9,"別名： オランダイチゴ
廃棄部位： へた及び果梗"
352,いちご　ジャム,250,0,0,1,63,"別名： オランダイチゴ
ビタミンC： 酸化防止用として添加品あり
(100 g：125mL、100 mL：80g)　"
353,ドライいちご,329,1,0,3,83,ドライフルーツ
354,いちじく,57,1,0,2,14,廃棄部位： 果皮及び果柄
355,ドライいちじく,272,3,1,11,75,
356,青梅,33,1,1,3,8,"未熟果（青梅）
廃棄部位： 核"
357,梅干し,29,1,1,3,9,"廃棄部位： 核
ポリフェノール：0.1ｇ"
358,グリーンオリーブ　,148,1,15,3,5,"緑果の塩漬
試料: びん詰
液汁を除いたもの
廃棄部位： 種子"
359,ブラックオリーブ,121,1,12,3,3,"別名： ライプオリーブ
熟果の塩漬
試料： びん詰
液汁を除いたもの
廃棄部位： 種子"
360,スタッフドオリーブ,141,1,14,4,4,"緑果にピメントを詰めた塩漬
試料： びん詰
液汁を除いたもの"
361,柿,63,0,0,2,16,廃棄部位： 果皮、種子及びへた
362,干しがき,274,2,2,14,71,"つるしがきを含む
廃棄部位： 種子及びへた"
363,いよかん,50,1,0,1,12,"別名： いよ
廃棄部位： 果皮、じょうのう膜及び種子"
364,うんしゅうみかん,49,1,0,1,12,"別名：みかん
廃棄部位： 果皮"
365,みかん　ストレートジュース,45,1,0,0,11,"別名：みかんストレートジュース
 (100 g：97mL、100 mL：103g)"
366,みかん　濃縮還元ジュース,42,1,0,0,10,"別名：みかん濃縮還元ジュース
(100 g：97mL、100 mL：103g)"
367,みかん　果粒入りジュース,53,0,Tr,Tr,13,"別名：みかん粒入りジュース
果粒（砂じょう） 20 % を含む"
368,みかん　缶詰,63,1,0,1,15,"別名：みかん缶詰
試料： ライトシラップ漬
内容総量に対する果肉分： 60 %"
369,オレンジ,48,1,0,1,12,"別名： ネーブルオレンジ
廃棄部位： 果皮、じょうのう膜及び種子"
370,オレンジジュース　ストレート,45,1,Tr,0,11,"別名： バレンシアオレンジ
(100 g：97mL、100 mL：103g)"
371,オレンジマーマレード,233,0,0,1,63,"別名： バレンシアオレンジ
(100 g：74mL、100 mL：135g)"
372,かぼす　果汁,36,0,0,0,9,全果に対する果汁分： 35 %
373,グレープフルーツ,40,1,0,1,10,廃棄部位： 果皮、じょうのう膜及び種子
374,グレープフルーツジュース　ストレート,44,1,0,0,10,(100 g：97mL、100 mL：103g)
375,シークヮーサー　10%果汁入り飲料,48,0,Tr,0,12,別名： ひらみレモン、シークワーサー、シイクワシャー、シィクワーサー
376,すだち　果皮　生,55,2,0,10,16,全果に対する果皮分： 30 %
377,すだち　果汁　生,29,1,0,0,7,全果に対する果汁分： 25 %
378,はっさく,47,1,0,2,12,廃棄部位： 果皮、じょうのう膜及び種子
379,ひゅうがなつ,46,1,0,2,12,"別名： ニューサマーオレンジ、小夏みかん
廃棄部位： フラベド（果皮の外側の部分）及び種子"
380,ぶんたん,41,1,0,1,10,"別名： ざぼん、ぼんたん
廃棄部位： 果皮、じょうのう膜及び種子"
381,ぽんかん,42,1,0,1,10,廃棄部位： 果皮、じょうのう膜及び種子
382,ゆず,50,1,1,7,14,全果に対する果皮分： 40 %
383,ライム,39,0,0,0,9,全果に対する果汁分： 35 %
384,レモン,43,1,1,5,13,廃棄部位： 種子及びへた
385,キウイフルーツ,51,1,0,3,13,"別名： キウイ
廃棄部位： 果皮及び両端"
386,グァバ,33,1,0,5,10,"別名： グアバ、ばんじろう、ばんざくろ
廃棄部位： 果皮及び種子"
387,ココナッツミルク,157,2,16,0,3,"試料： 缶詰
(100 g：98mL、100 mL：102g)"
388,ナタデココ,80,0,Tr,1,20,"シラップ漬（甘味料、酸味料含む）
液汁を除いたもの"
389,さくらんぼ,64,1,0,1,15,"別名： おうとう、スイートチェリー
廃棄部位： 核及び果柄"
390,ざくろ,63,0,Tr,0,16,"廃棄部位： 皮及び種子
廃棄率： 輸入品（大果）の場合 60 %"
391,すいか,41,1,0,0,10,"廃棄部位： 果皮及び種子
廃棄率： 小玉種の場合 50 %"
392,すもも,46,1,1,2,9,"別名： すもも、はたんきょう、プラム
廃棄部位： 核"
393,プルーン,49,1,0,2,13,"別名： ヨーロッパすもも
廃棄部位： 核及び果柄"
394,干し　プルーン,211,2,0,7,62,"別名： ヨーロッパすもも
廃棄率： 核付きの場合 20 %"
395,ドラゴンフルーツ,52,1,0,2,12,"別名： ピタヤ
試料： レッドピタヤ
廃棄部位： 果皮"
396,ドリアン,140,2,3,2,27,"試料： 果皮を除いた冷凍品
廃棄部位： 種子"
397,梨,38,0,0,1,11,廃棄部位： 果皮及び果しん部
398,ラフランス,48,0,0,2,14,"別名： 洋なし
廃棄部位： 果皮及び果しん部"
399,ドライなつめやし,281,2,0,7,71,"別名： デーツ
廃棄部位： へた及び核"
400,パイナップル,54,1,0,1,14,"別名： パイナップル
廃棄部位： はく皮及び果しん部"
401,パインアップルジュース　ストレート,46,0,0,0,11,"別名： パイナップル
(100 g：98mL、100 mL：103g)"
402,パイナップル　缶詰,76,0,0,1,20,"別名： パイナップル
試料： ヘビーシラップ漬
液汁を含んだもの （液汁 37 % ）"
403,バナナ　生,93,1,0,1,23,廃棄部位： 果皮及び果柄
404,バナナチップス,314,4,0,7,79,
405,びわ,41,0,0,2,11,廃棄部位： 果皮及び種子
406,ぶどう,58,0,0,1,16,"廃棄部位： 果皮及び種子
廃棄率： 大粒種の場合20%"
407,干しぶどう　（レーズン）,324,3,0,4,80,"別名： レーズン
ポリフェノール： 0.4 g"
408,ブルーベリー,48,1,0,3,13,"試料： ハイブッシュブルーベリー
果実全体"
409,ブルーベリー　ジャム,174,1,0,4,44,"試料： ハイブッシュブルーベリー
(100 g：80mL、100 mL：125g)"
410,マンゴー,68,1,0,1,17,廃棄部位： 果皮及び種子
411,ドライマンゴー,339,3,1,6,85,
412,メロン　緑肉種,45,1,0,1,10,廃棄部位： 果皮及び種子
413,メロン　赤肉種,45,1,0,1,10,廃棄部位： 果皮及び種子
414,白桃,38,1,0,1,10,"別名： 毛桃
試料： 白肉種
廃棄部位： 果皮及び核"
415,黄桃,48,1,0,2,13,"廃棄部位： 果皮及び核
食物繊維：AOAC2011.25法
タンニン：Tr ポリフェノール：0.1ｇ"
416,ネクターピーチジュース,46,0,0,0,12,"別名： 毛桃
果肉（ピューレー）分： 30 %
ビタミンC： 酸化防止用として添加品あり
(100 g：103mL、100 mL：97g) "
417,もも　缶詰,82,1,0,1,21,"別名： 毛桃
試料 ： ヘビーシラップ漬
内容総量に対する果肉分： 60 %
ビタミンC： 酸化防止用として添加品あり"
418,ネクタリン,39,1,0,2,11,"別名： 油桃
廃棄部位： 果皮及び核"
419,やまもも,47,1,0,1,11,"試料： 栽培品
廃棄部位： 種子"
420,ライチー,61,1,0,1,16,"別名： れいし
試料： 冷凍品
廃棄部位： 果皮及び種子"
421,ラズベリー,36,1,0,5,10,"別名： レッドラズベリー、西洋きいちご
果実全体"
422,りんご,56,0,0,2,16,廃棄部位： 果しん部
423,焼きリンゴ,86,0,0,3,22,果しん部を除いたもの
424,りんご　ストレートジュース,43,0,0,Tr,12,(100 g：98mL、100 mL：103g)
425,りんご　果実飲料　濃縮還元ジュース,47,0,0,Tr,11,(100 g：98mL、100 mL：103g)
426,りんご　果実飲料　50%果汁入り飲料,46,0,Tr,0,12,ビタミンC： 酸化防止用として添加品あり
427,りんご　果実飲料　30%果汁入り飲料,46,Tr,Tr,0,11,ビタミンC： 酸化防止用として添加品あり
428,りんご　缶詰,81,0,0,0,20,"試料： ヘビーシラップ漬
液汁を含んだもの (液汁 50 % )
ビタミンC： 酸化防止用として添加品あり"
429,りんご　ジャム,203,0,0,1,53,"ビタミンC： 酸化防止用として添加品あり
(100 g：80mL、100 mL：125g)　"
430,えのきたけ,34,3,0,4,8,"試料： 栽培品
廃棄部位： 柄の基部（いしづき）"
431,えのきたけ　ゆで,34,3,0,5,8,"試料： 栽培品
柄の基部（いしづき）を除いたもの"
432,えのきたけ　油いため,71,3,4,5,9,"試料： 栽培品
柄の基部（いしづき）を除いたもの
植物油（なたね油）
調理による脂質の増減：第1章表14参照"
433,きくらげ,14,1,0,6,5,"別名： 裏白きくらげ
試料： 栽培品
廃棄部位： 柄の基部（いしづき）"
434,しいたけ,25,3,0,5,6,"試料：栽培品、廃棄部位： 柄全体
廃棄率： 柄の基部
（いしづき）のみを除いた場合5 %
食物繊維：AOAC2011.25法"
435,しいたけ　ゆで,22,3,0,4,5,"試料： 栽培品
柄全体を除いた傘のみ"
436,しいたけ　油いため,65,3,4,5,7,"試料： 栽培品
柄全体を除いた傘のみ
植物油（なたね油）
調理による脂質の増減：第1章表14参照"
437,しいたけ　天ぷら,201,3,14,4,18,"試料： 栽培品
柄全体を除いた傘のみ
植物油（なたね油）
調理による脂質の増減：第1章表13参照
食物繊維：AOAC2011.25法"
438,ぶなしめじ,26,3,1,3,5,"試料： 栽培品
廃棄部位： 柄の基部（いしづき）
食物繊維：AOAC2011.25法"
439,ぶなしめじ　ゆで,22,3,0,4,5,"試料： 栽培品
柄の基部（いしづき）を除いたもの
食物繊維：AOAC2011.25法"
440,ぶなしめじ　油いため,65,3,6,4,5,"試料： 栽培品
柄の基部（いしづき）を除いたもの
植物油（なたね油）
調理による脂質の増減：第1章表14参照
食物繊維：AOAC2011.25法"
441,ぶなしめじ　素揚げ,168,4,14,6,10,"試料： 栽培品
柄の基部（いしづき）を除いたもの
植物油（なたね油）
調理による脂質の増減：第1章表13参照
食物繊維：AOAC2011.25法"
442,ぶなしめじ　天ぷら,248,3,17,5,23,"試料： 栽培品
柄の基部（いしづき）を除いたもの
調理による脂質の増減：第1章表13参照
食物繊維：AOAC2011.25法"
443,なめこ,14,1,0,2,4,"別名： なめたけ
試料： 栽培品
食物繊維：AOAC2011.25法"
444,なめこ　水煮缶詰,13,1,0,3,3,"試料： 栽培品
液汁を除いたもの
ビタミンC： 酸化防止用として添加品あり"
445,うすひらたけ,37,6,0,4,5,"試料： 栽培品
廃棄部位： 柄の基部（いしづき）"
446,エリンギ,31,3,0,3,6,"試料： 栽培品
廃棄部位： 柄の基部（いしづき）"
447,エリンギ　ゆで,32,3,1,5,7,"試料： 栽培品
柄の基部（いしづき）を除いたもの"
448,エリンギ　焼き,41,4,1,5,9,"試料： 栽培品
柄の基部（いしづき）を除いたもの"
449,エリンギ　油いため,69,3,4,4,8,"試料： 栽培品
柄の基部（いしづき）を除いたもの
植物油（なたね油）
調理による脂質の増減：第1章表14参照"
450,ひらたけ,34,3,0,3,6,"別名： かんたけ
試料： 栽培品
廃棄部位： 柄の基部（いしづき）"
451,ひらたけ　ゆで,33,3,0,4,7,"試料： 栽培品
柄の基部（いしづき）を除いたもの"
452,まいたけ,22,2,1,4,4,"試料： 栽培品
廃棄部位： 柄の基部（いしづき）"
453,まいたけ　ゆで,27,2,1,4,6,"試料： 栽培品
柄の基部（いしづき）を除いたもの"
454,まいたけ　油いため,67,3,4,5,7,"試料： 栽培品
柄の基部（いしづき）を除いたもの
植物油（なたね油）
調理による脂質の増減：第1章表14参照"
455,まいたけ　乾,273,22,4,41,60,"試料： 栽培品
柄の基部（いしづき）を除いたもの"
456,マッシュルーム　生,15,3,0,2,2,"試料： 栽培品
廃棄部位： 柄の基部（いしづき）"
457,マッシュルーム　ゆで,20,4,0,3,4,"試料： 栽培品
柄の基部（いしづき）を除いたもの"
458,マッシュルーム　油いため,57,4,5,3,5,"試料： 栽培品
柄の基部（いしづき）を除いたもの
植物油（なたね油）
調理による脂質の増減：第1章表14参照"
459,マッシュルーム　水煮缶詰,18,3,0,3,3,"試料： 栽培品
液汁を除いたもの
ビタミンC： 酸化防止用として添加品あり"
460,まつたけ,32,2,1,5,8,"試料： 天然物
廃棄部位： 柄の基部（いしづき）"
461,やなぎまつたけ,20,2,0,3,4,"試料： 栽培品
廃棄部位： 柄の基部（いしづき）"
462,あおさ,201,22,1,29,42,
463,あおのり,249,29,5,35,41,
464,塩昆布,193,17,0,13,37,
465,ところてん,2,0,0,1,1,別名： まくさ（和名）
466,寒天,3,Tr,Tr,2,2,"別名： まくさ（和名）
角寒天をゼリー状にしたもの
角寒天2.2 g使用"
467,粉寒天,160,0,0,79,82,"別名： まくさ（和名）
試料： てんぐさ以外の粉寒天も含む"
468,もずく,4,0,0,1,1,
469,わかめ,24,2,0,4,6,"基部を除いたもの
廃棄部位： 茎、中肋及びめかぶ"
470,めかぶ,14,1,1,3,3,"試料： 冷凍品
別名： めかぶ"
471,まあじ,112,20,5,0,0,"別名： あじ
廃棄部位： 頭部、内臓、骨、ひれ等（三枚下ろし）"
472,あじフライ,270,20,18,-,8,"別名： あじ
三枚におろしたもの
調理による脂質の増減：第1章表13参照"
473,あなご　蒸し,173,18,13,0,Tr,"試料： まあなご
切り身"
474,生しらす,67,15,1,0,0,かたくちいわし、まいわし等の幼魚
475,釜揚げしらす,84,18,2,0,Tr,原材料： かたくちいわし、まいわし等の稚魚
476,うなぎのかば焼,285,23,21,0,3,
477,焼き魚（紅鮭）,163,29,6,0,0,切り身
478,しめさば,292,19,27,0,2,
479,さば　缶詰　水煮,174,21,11,0,0,液汁を除いたもの
480,さば　缶詰　みそ煮,210,16,14,0,7,液汁を含んだもの
481,焼き魚　（さわら）　,184,24,11,0,0,切り身
482,サンマの塩焼き,281,23,23,0,0,"別名： さいら
廃棄部位： 頭部、内臓、骨、ひれ等
魚体全体を焼いたもの"
483,さんま　かば焼,219,17,13,0,10,"別名： さいら
液汁を含んだもの"
484,しまあじ,153,22,8,0,0,廃棄部位： 頭部、内臓、骨、ひれ等（三枚下ろし）
485,スズキ,113,20,4,0,Tr,"切り身
(魚体全体から調理する場合、廃棄率： 55 %、廃棄部位： 頭部、内臓、骨、ひれ等)"
486,クロダイ,137,20,7,0,0,"別名： ちぬ
廃棄部位： 頭部、内臓、骨、ひれ等（三枚下ろし）"
487,真鯛,129,21,6,0,0,廃棄部位： 頭部、内臓、骨、ひれ等（三枚下ろし）
488,白身魚のフライ,195,19,12,-,6,"切り身
調理による脂質の増減：第1章表13参照"
489,たらこ　生,131,24,5,0,0,別名： もみじこ
490,たらこ　焼き,158,28,6,0,1,別名： もみじこ
491,からしめんたいこ,121,21,3,0,3,ビタミンC： 添加品を含む
492,たら,72,18,0,0,0,"別名： たら
切り身
(魚体全体から調理する場合、廃棄率： 65 %、廃棄部位： 頭部、内臓、骨、ひれ等)"
493,白子,60,13,1,0,0,別名： たら
494,はたはた,154,17,10,0,Tr,廃棄部位： 頭部、骨、ひれ等
495,はも,132,22,5,0,Tr,"切り身
（魚体全体から調理する場合、廃棄率： 40 %、廃棄部位： 頭部、内臓、骨、ひれ等）"
496,ヒラマサ,128,23,5,0,0,"切り身
（魚体全体から調理する場合、廃棄率： 40 %、廃棄部位： 頭部、内臓、骨、ひれ等）"
497,ヒラメ,96,20,2,0,Tr,廃棄部位： 頭部、内臓、骨、ひれ等（五枚下ろし）
498,ふぐ,78,19,0,0,Tr,"切り身（皮なし）
(魚体全体から調理する場合、廃棄率： 75 %、廃棄部位： 頭部、内臓、骨、皮、ひれ等)"
499,ブリ,217,21,17,0,0,"切り身
(魚体全体から調理する場合、廃棄率： 40 %、廃棄部位： 頭部、内臓、骨、ひれ等)"
500,マグロ,115,26,1,0,0,"別名： まぐろ、ほんまぐろ、しび
切り身（皮なし）"
501,大トロ,308,20,28,0,0,"別名： まぐろ、ほんまぐろ、しび、とろ
切り身（皮なし）"
502,ツナ缶詰　水煮　フレーク　ホワイト,96,18,3,0,0,"別名： ツナ缶
原材料： びんなが
液汁を含んだもの"
503,ツナ缶詰　味付け　フレーク,134,19,2,0,10,"別名： ツナ缶
液汁を含んだもの"
504,ツナ缶詰　油漬　フレーク　ライト,265,18,22,0,0,"別名： ツナ缶
原材料： きはだ
液汁を含んだもの"
505,ツナ缶詰　油漬　フレーク　ホワイト,279,19,24,0,0,"別名： ツナ缶
原材料： びんなが
液汁を含んだもの"
506,あさり　生,27,6,0,0,0,廃棄部位： 貝殻
507,あさり　つくだ煮,218,21,2,0,30,
508,あさり　缶詰　水煮,102,20,2,0,2,液汁を除いたもの
509,あさり　缶詰　味付け,124,17,2,0,12,液汁を除いたもの
510,あわび,85,19,0,0,1,液汁を除いたもの
511,エスカルゴ,75,17,1,0,1,液汁を除いたもの
512,しじみ,54,8,1,0,5,廃棄部位： 貝殻
513,つぶ貝,82,18,0,0,2,"別名： ばい
試料： えぞぼら、ひめえぞぼら、えぞばい
むき身
（貝全体の場合、廃棄率： 70 %、廃棄部位： 貝殻及び内臓）"
514,はまぐり　生,35,6,1,0,2,廃棄部位： 貝殻
515,はまぐり　水煮,79,15,2,0,3,廃棄部位： 貝殻
516,はまぐり　焼き,70,13,1,0,3,"液汁を含んだもの
廃棄部位： 貝殻"
517,はまぐり　つくだ煮,211,27,3,0,21,
518,ほたて　生,66,14,1,0,2,廃棄部位： 貝殻
519,ほたて　水煮,89,18,2,0,2,廃棄部位： 貝殻
520,ほたて　貝柱　生,82,17,0,0,4,
521,ほたて　貝柱　焼き,123,24,0,0,5,
522,ほたて　貝柱　煮干し,301,66,1,0,8,
523,ほたて　貝柱　水煮缶詰,87,20,1,0,2,液汁を除いたもの
524,ホッキ貝,66,11,1,0,4,"別名： うばがい（標準和名）
廃棄部位： 貝殻"
525,みる貝,77,18,0,0,0,"別名： みるくい（標準和名）
廃棄部位： 貝殻及び内臓"
526,あまえび　生,85,20,2,0,0,"別名： ほっこくあかえび（標準和名）
廃棄部位： 頭部、殻、内臓、尾部等"
527,さくらえび　ゆで,82,18,2,-,Tr,殻つき
528,えびの天ぷら,194,20,10,1,7,"頭部、殻、内臓等除いたもの
廃棄部位： 殻及び尾部
調理による脂質の増減：第1章表13参照"
529,ブラックタイガー,77,18,0,0,0,"別名： うしえび（標準和名）
無頭、殻つき
廃棄部位： 殻及び尾部"
530,干しえび,213,49,3,-,0,試料（原材料）： さるえび
531,毛がに　生,67,16,1,0,0,廃棄部位： 殻、内臓等
532,毛がに　ゆで,78,18,1,0,0,"殻つきでゆでたもの
廃棄部位： 殻、内臓等"
533,ずわいがに　生,59,14,0,0,0,"別名： まつばがに
廃棄部位： 殻、内臓等"
534,ずわいがに　ゆで,65,15,1,0,0,"別名： まつばがに
殻つきでゆでたもの
廃棄部位： 殻、内臓等"
535,ずわいがに　水煮缶詰,69,16,0,0,0,"別名： まつばがに
液汁を除いたもの"
536,たらばがに　生,56,13,1,0,0,廃棄部位： 殻、内臓等
537,たらばがに　ゆで,77,18,2,0,0,"廃棄部位： 殻、内臓等
殻つきでゆでたもの"
538,たらばがに　水煮缶詰,85,21,0,0,0,液汁を除いたもの
539,こういか,64,15,1,0,0,"別名： すみいか
廃棄部位： 内臓等"
540,するめいか,76,18,1,0,0,"廃棄部位： 内臓等
胴 55.9 %、足・耳 44.1 %"
541,ほたるいか　生,74,12,4,0,0,内臓等を含んだもの
542,ほたるいか　ゆで,91,18,3,0,0,内臓等を含んだもの
543,やりいか　生,79,18,1,0,0,廃棄部位： 内臓等
544,するめ,304,69,4,0,0,
545,さきいか,268,46,3,0,17,
546,いか　塩辛,114,15,3,0,7,試料： 赤作り
547,いいだこ　生,64,15,1,0,0,内臓等を含んだもの
548,まだこ　生,70,16,1,0,0,廃棄部位： 内臓等
549,まだこ　ゆで,91,22,1,0,0,内臓等を除きゆでたもの
550,みずだこ,61,13,1,0,0,廃棄部位： 頭部、内臓
551,生うに,109,16,5,0,3,"試料： むらさきうに、ばふんうに
生殖巣のみ
（うに全体の場合、廃棄率： 95%、廃棄部位： 殻等）"
552,粒うに,172,17,6,0,16,
553,練りうに,166,14,3,0,22,
554,くらげ　塩蔵　塩抜き,21,5,0,0,Tr,
555,しゃこ　ゆで,89,19,2,0,0,ゆでしゃこ（むきみ）
556,ほや　生,27,5,1,0,1,"試料： まぼや、あかぼや
廃棄部位： 外皮及び内臓"
557,ほや　塩辛,69,12,1,0,4,
558,かに風味かまぼこ,89,12,1,0,9,別名： かにかま
559,焼き竹輪,119,12,2,0,14,
560,だて巻,190,15,8,0,18,
561,つみれ,104,12,4,0,7,
562,なると,80,8,0,0,12,
563,はんぺん,93,10,1,0,11,
564,さつま揚げ,135,13,4,0,14,別名： あげはん
565,魚肉ソーセージ,158,12,7,0,13,別名： フィッシュソーセージ
566,牛肉　かたロース　赤肉,293,17,26,0,0,"試料： 黒毛和種（去勢）
皮下脂肪及び筋間脂肪を除いたもの"
567,牛肉　リブロース　脂身つき,514,10,57,0,0,"試料： 黒毛和種（去勢）
皮下脂肪： 8.8 %、筋間脂肪： 34.6 %"
568,牛肉　サーロイン　脂身つき,460,12,48,0,0,"試料： 黒毛和種（去勢）
皮下脂肪： 11.5 %、筋間脂肪： 24.5 %"
569,牛肉　ばら　脂身つき,472,11,50,0,0,"別名： カルビ
試料： 黒毛和種（去勢）"
570,牛肉　もも　脂身つき,235,19,19,0,1,"試料： 黒毛和種（去勢）
皮下脂肪： 5.6 %、筋間脂肪： 6.8 %"
571,ローストビーフ,190,22,12,0,1,ビタミンC： 酸化防止用として添加された食品を含む
572,コンビーフ缶詰,191,20,13,0,2,
573,ビーフジャーキー,304,55,8,0,6,ビタミンE及びビタミンC： 酸化防止用として添加された食品を含む
574,スモークタン,273,18,23,0,1,ビタミンE及びビタミンC： 酸化防止用として添加された食品を含む
575,馬刺し,102,20,3,0,0,"別名： さくら肉
皮下脂肪及び筋間脂肪を除いたもの"
576,とんかつ　ヒレ,379,25,25,1,15,調理による脂質の増減：第1章表13参照
577,ぶた肉　ロース　赤肉　生,131,23,5,0,0,"別名：黒豚
試料： バークシャー種
皮下脂肪及び筋間脂肪を除いたもの"
578,ぶた肉　ロース　脂身　生,716,4,78,0,0,"別名：黒豚
試料： バークシャー種
皮下脂肪及び筋間脂肪"
579,ぶた肉　ばら　脂身つき　生,398,13,40,0,0,"別名：黒豚
試料： バークシャー種"
580,ぶた肉　もも　赤肉　生,129,22,5,0,0,"別名：黒豚
試料： バークシャー種
皮下脂肪及び筋間脂肪を除いたもの"
581,ぶた肉　もも　脂身　生,660,5,73,0,0,"別名：黒豚
試料： バークシャー種
皮下脂肪及び筋間脂肪"
582,ぶた肉　ヒレ　赤肉　生,105,23,2,0,0,"別名：黒豚
試料： バークシャー種"
583,豚足　ゆで,227,20,17,0,Tr,"皮付きのもの
廃棄部位： 骨"
584,ボンレスハム,115,19,4,0,2,ビタミンC： 酸化防止用として添加された食品を含む
585,ロースハム,211,19,15,0,2,ビタミンC： 酸化防止用として添加された食品を含む
586,ロースハム　ゆで,233,20,17,0,2,ビタミンC： 添加品を含む
587,ロースハム　焼き,240,24,15,0,2,ビタミンC： 添加品を含む
588,ロースハム　フライ,432,17,32,0,20,"ビタミンC： 添加品を含む
植物油（なたね油）
調理による脂質の増減：第1章表13参照"
589,生ハム,253,26,18,0,0,プロシュートを含む
590,プレスハム,113,15,5,0,4,ビタミンC： 酸化防止用として添加された食品を含む
591,ばらベーコン,400,13,39,0,0,"別名：ベーコン
ビタミンC： 酸化防止用として添加された食品を含む
ヨウ素： 第3章参照"
592,ロースベーコン,202,17,15,0,3,ビタミンC： 酸化防止用として添加された食品を含む
593,ショルダーベーコン,178,17,12,0,3,"ビタミンC： 酸化防止用として添加された食品を含む
ヨウ素： 第3章参照"
594,ウインナーソーセージ　ウインナーソーセージ,319,12,31,0,3,ビタミンC： 添加品を含む
595,ウインナーソーセージ　ゆで,328,12,32,0,1,ビタミンC： 添加品を含む
596,ウインナーソーセージ　焼き,345,13,32,0,2,ビタミンC： 添加品を含む
597,ウインナーソーセージ　フライ,376,13,35,-,4,"ビタミンC： 添加品を含む
植物油（なたね油）
調理による脂質の増減：第1章表13参照"
598,セミドライソーセージ,335,17,30,0,3,"ソフトサラミを含む
ビタミンC： 酸化防止用として添加された食品を含む"
599,ドライソーセージ,467,27,42,0,3,"サラミを含む
ビタミンC： 酸化防止用として添加された食品を含む"
600,フランクフルトソーセージ,295,13,25,0,6,ビタミンC： 酸化防止用として添加された食品を含む
601,ボロニアソーセージ,242,13,21,0,3,ビタミンC： 酸化防止用として添加された食品を含む
602,焼き豚,166,19,8,0,5,"試料： 蒸し焼きしたもの
ビタミンC： 酸化防止用として添加された食品を含む"
603,フォアグラ　ゆで,470,8,50,0,2,試料： 調味料無添加品
604,手羽　皮つき　生,182,23,10,0,0,廃棄部位： 骨
605,鶏胸肉　皮つき,229,20,17,0,0,皮及び皮下脂肪： 32.8 %
606,鶏胸肉　皮なし,113,24,2,0,0,皮下脂肪を除いたもの
607,鶏もも肉　皮つき,234,17,19,0,0,皮及び皮下脂肪： 30.6 %
608,鶏もも肉　皮なし,128,22,5,0,0,皮下脂肪を除いたもの
626,ささみ　ゆで,121,30,1,0,0,"別名：ブロイラー
すじを除いたもの"
627,ささみ　フライ,246,27,13,-,7,"別名：ブロイラー
すじを除いたもの
調理による脂質の増減：第1章表13参照"
628,ささみ　天ぷら,192,26,7,-,6,"別名：ブロイラー
すじを除いたもの
調理による脂質の増減：第1章表13参照"
629,鶏のひき肉,235,28,15,0,0,
630,焼き鳥缶詰,173,18,8,0,8,液汁を含んだもの（液汁 33 %）
631,チキンナゲット,235,16,14,1,15,
632,鶏のつくね,235,15,15,2,9,
633,いなご　つくだ煮,243,26,1,0,32,
634,あひる卵　ピータン,188,14,17,0,0,廃棄部位： 泥状物及び卵殻（卵殻： 15 %）
635,うずら卵　全卵　生,157,13,13,0,0,"廃棄部位： 付着卵白を含む卵殻（卵殻： 12 %）
卵黄：卵白＝ 38：62"
636,うずら卵　水煮缶詰,162,11,14,0,1,液汁を除いたもの
637,生卵,142,12,10,0,0,"廃棄部位： 卵殻（付着卵白を含む）
付着卵白を含まない卵殻：13％
卵黄：卵白＝32：68
ビタミンD： ビタミンD活性代謝物を含む（ビタミンD活性代謝物を含まない場合： 1.3 µg)
試料：通常の鶏卵（栄養成分が増減されていないもの）"
638,ゆで卵,134,13,10,0,0,"廃棄部位：卵殻
卵黄：卵白＝31：69
ビタミンD： ビタミンD活性代謝物を含む（ビタミンD活性代謝物を含まない場合： 0.8 µg）
試料：通常の鶏卵（栄養成分が増減されていないもの）"
639,ポーチドエッグ,145,12,12,0,0,
640,目玉焼き,205,15,18,0,0,"植物油（なたね油）
調理による脂質の増減：第1章表14参照
ビタミンD： ビタミンD活性代謝物を含む（ビタミンD活性代謝物を含まない場合： 1.7 µg）
試料：通常の鶏卵（栄養成分が増減されていないもの）、栄養強化卵"
641,卵黄,336,17,34,0,0,"ビタミンD： ビタミンD活性代謝物を含む（ビタミンD活性代謝物を含まない場合： 4.5 µg）
試料：通常の鶏卵（栄養成分が増減されていないもの）"
643,卵白,44,10,Tr,0,1,試料：通常の鶏卵（栄養成分が増減されていないもの）
645,乾燥卵白,350,87,0,0,0,
646,たまご豆腐,76,7,5,0,1,
647,厚焼きたまご,146,11,9,0,7,
648,だし巻きたまご,123,11,9,0,1,
649,牛乳,61,3,4,0,5,"鉄： Trであるが、利用上の便宜のため小数第2位まで記載
ビタミンD： ビタミンD活性代謝物を含む（ビタミンD活性代謝物を含まない場合： Tr）
(100 g： 96.9 mL、100 mL： 103.2 g)"
650,乳児用液体ミルク,66,2,4,0,7,(100 g：98mL、100 mL：101g)
651,コーヒー牛乳,56,2,2,0,7,(100 g： 95.0 mL、100 mL： 105.3 g)
652,フルーツ牛乳,46,1,0,0,10,(100 g： 95.1 mL、100 mL： 105.1 g)
653,全粉乳,490,26,26,0,39,(100 g：222mL、100 mL：45g)
654,脱脂粉乳,354,34,1,0,53,"別名： スキムミルク
(100 g：222mL、100 mL：45g)"
655,無糖練乳,135,7,8,0,11,"別名： エバミルク
(100 g：78mL、100 mL：128g)"
656,加糖練乳,314,8,9,0,56,"別名： コンデンスミルク
(100 g：78mL、100 mL：128g)
しょ糖： 44 g"
657,クリーム　乳脂肪,404,2,43,0,7,"別名：生クリーム、フレッシュクリーム
(100 g：95mL、100 mL：105g)"
658,クリーム　乳脂肪・植物性脂肪,388,4,42,0,3,脂質： 乳脂肪由来22.5 g 、植物性脂肪由来19.6 g
659,クリーム　植物性脂肪,353,1,40,0,3,"別名：植物性生クリーム
(100 g：99mL、100 mL：102g)"
660,ホイップクリーム　乳脂肪,409,2,41,0,13,クリームにグラニュー糖を加えて泡だてたもの
661,ホイップクリーム　乳脂肪・植物性脂肪,394,4,38,0,13,"クリームにグラニュー糖を加えて泡だてたもの
脂質： 乳脂肪由来19.1 g、植物性脂肪由来17.1 g"
662,ホイップクリーム　植物性脂肪,399,6,36,0,13,クリームにグラニュー糖を加えて泡だてたもの
663,ヨーグルト　全脂無糖,56,4,3,0,5,別名： プレーンヨーグルト
664,ヨーグルト　低脂肪無糖,40,4,1,0,5,
665,ヨーグルト　無脂肪無糖,37,4,0,0,6,
666,ヨーグルト　脱脂加糖,65,4,0,0,12,別名： 普通ヨーグルト
667,ヨーグルト　ドリンクタイプ　加糖,64,3,1,0,12,(100 g：93mL、100 mL：108g)
668,ナチュラルチーズ　エダム,321,29,25,0,1,
669,ナチュラルチーズ　エメンタール,398,27,34,0,2,
670,ナチュラルチーズ　カテージ,99,13,5,0,2,クリーム入りを含む
671,ナチュラルチーズ　カマンベール,291,19,25,0,1,
672,ナチュラルチーズ　クリーム,313,8,33,0,2,
673,ナチュラルチーズ　ゴーダ,356,26,29,0,1,
674,ナチュラルチーズ　チェダー,390,26,34,0,1,
675,ナチュラルチーズ　パルメザン,445,44,31,0,2,粉末状
676,ナチュラルチーズ　ブルー,326,19,29,0,1,
677,ナチュラルチーズ　マスカルポーネ,273,4,28,0,4,
678,ナチュラルチーズ　モッツァレラ,269,18,20,0,4,
679,ナチュラルチーズ　やぎ,280,21,22,0,3,別名： シェーブルチーズ
680,ナチュラルチーズ　リコッタ,159,7,12,0,7,
681,プロセスチーズ,313,23,26,0,1,
682,チーズスプレッド,284,16,26,0,1,
683,アイスクリーム　高脂肪,205,4,12,0,22,"乳固形分15.0 %以上、乳脂肪分12.0 %以上
試料： バニラアイスクリーム"
684,アイスクリーム　普通脂肪,178,4,8,0,23,"乳固形分15.0 %以上、乳脂肪分8.0 %
試料： バニラアイスクリーム"
685,アイスミルク,167,3,6,0,24,乳固形分10.0 %以上、乳脂肪分3.0 %以上、植物性脂肪を含む
686,ラクトアイス　普通脂肪,217,3,14,0,22,乳固形分3.0 %以上、主な脂質： 植物性脂肪
687,ラクトアイス　低脂肪,108,2,2,0,21,乳固形分3.0 %以上、主な脂質： 植物性脂肪
688,ソフトクリーム,146,4,6,0,20,"主な脂質： 乳脂肪
コーンカップを除いたもの"
689,カゼイン,358,86,2,0,0,試料： 酸カゼイン
690,シャーベット,128,1,1,0,29,試料： 乳成分入り氷菓
691,チーズホエーパウダー,339,13,1,0,77,
692,人乳,61,1,4,0,7,"試料： 成熟乳
鉄： Trであるが、利用上の便宜のため小数第2位まで記載
ヨウ素： 第3章参照
ビタミンD： ビタミンD活性代謝物を含む（ビタミンD活性代謝物を含まない場合： Tr）
(100 g： 98.3 mL、100 mL： 101.7 g)"
693,やぎ乳,57,3,4,0,5,
694,あまに油,897,0,100,0,0,試料： 食用油
695,えごま油,897,0,100,0,0,試料： 食用油
696,オリーブオイル,894,0,100,0,0,"別名： オリーブオイル
試料： エキストラバージンオイル
(100 g：200mL、100 mL：91g)"
697,ごま油,890,0,100,0,0,"試料： 精製油
(100 g：109mL、100 mL：92g)"
698,米ぬか油,880,0,100,0,0,"別名： 米油
試料： 精製油
(100 g：109mL、100 mL：92g)"
699,大豆油,885,0,100,0,0,"試料： 精製油及びサラダ油
(100 g：109mL、100 mL：92g)"
700,とうもろこし油,884,0,100,0,0,"別名： コーンオイル、コーン油
試料： 精製油
(100 g：109mL、100 mL：92g)"
701,なたね油,887,0,100,0,0,"試料： 低エルカ酸の精製油及びサラダ油
別名： キャノーラ油、カノーラ油
(100 g：200mL、100 mL：91g)"
702,パーム油,887,0,100,0,0,"試料： 精製油
(100 g：111mL、100 mL：90g)"
703,パーム核油,893,0,100,0,0,"試料： 精製油
(100 g：200mL、100 mL：91g)"
704,落花生油,882,0,100,0,0,"別名： ピーナッツオイル、ピーナッツ油
試料： 精製油
(100 g：200mL、100 mL：91g)"
705,牛脂,869,0,100,0,0,"別名： ヘット
試料： いり取りしたもの"
706,ラード,885,0,100,0,0,"別名： 豚脂
試料： 精製品
(100 g：118mL、100 mL：85g)"
707,無発酵バター　有塩バター,700,1,81,0,0,
708,無発酵バター　食塩不使用バター,720,1,83,0,0,別名： 無塩バター
709,発酵バター　有塩バター,713,1,80,0,4,
710,マーガリン　家庭用　有塩,715,0,83,0,1,"β-カロテン： 着色料として添加品含む
ビタミンD： 添加品含む"
711,マーガリン　家庭用　無塩,715,0,83,0,1,
712,ファットスプレッド,579,0,69,0,0,β-カロテン： 着色料として添加品含む
713,今川焼　こしあん入り,217,5,1,1,48,"別名： 大判焼、小判焼、回転焼、二重焼、太鼓まんじゅう、ともえ焼、たい焼を含む
小豆こしあん入り
部分割合： 皮 2、あん 1"
714,今川焼　つぶあん入り,220,5,1,2,48,"小豆つぶしあん入り
部分割合： 皮 2、あん 1"
715,今川焼　カスタードクリーム入り,224,5,3,1,47,"カスタードクリーム入り
部分割合： 皮 2、あん 1"
716,ういろう　白,181,1,0,0,44,"別名：外郎餅
試料： 白ういろう
食塩添加品あり"
717,ういろう　黒,174,2,0,0,43,別名：外郎餅
718,うぐいすもち　こしあん入り,236,4,0,2,56,"小豆こしあん入り
部分割合：もち 10、あん 8、きな粉 0.05"
719,うぐいすもち　つぶあん入り,237,3,0,1,57,"小豆つぶしあん入り
部分割合：もち 10、あん 8、きな粉 0.05"
720,かしわもち　こしあん入り,203,4,0,2,47,"小豆こしあん入り
部分割合： 皮 3、あん 2
葉を除いたもの"
721,かしわもち　つぶあん入り,204,4,1,2,47,"小豆つぶしあん入り
部分割合： 皮 3、あん 2
葉を除いたもの"
722,カステラ,313,7,5,1,62,試料： 長崎カステラ
723,かるかん,226,2,0,0,55,
724,きび団子,298,2,0,0,74,
725,きんつば,260,6,1,6,59,"小豆つぶしあん入り
部分割合： 皮 1、あん 9"
726,草もち　こしあん入り,224,4,0,2,52,"小豆こしあん入り
部分割合： 皮 6、あん 4"
727,草もち　つぶあん入り,227,5,1,3,51,"小豆つぶしあん入り
部分割合： 皮 6、あん 4"
728,くし団子　あん　こしあん入り,198,4,0,1,45,"小豆こしあん入り
部分割合： 団子 8、あん 3
くしを除いたもの"
729,くし団子　あん　つぶあん入り,199,4,1,1,45,"部分割合： 団子 ８、あん 3
くしを除いたもの"
730,くし団子　みたらし,194,3,0,0,45,"別名：しょうゆ団子
部分割合： 団子 9、たれ 2
くしを除いたもの"
731,くずもち　関西風　くずでん粉製品,93,0,0,0,23,
732,くずもち　関東風　小麦でん粉製品,94,0,0,0,22,
733,げっぺい,348,5,9,2,66,"あん（小豆あん、くるみ、水あめ、ごま等）入り
部分割合： 皮 5、あん 4"
734,五平もち,178,3,1,1,41,"みそだれ付き
食物繊維：AOAC2011.25法"
735,桜もち　関西風　こしあん入り,196,4,0,2,46,"別名： 道明寺
小豆こしあん入り
部分割合： 道明寺種皮 3、あん 2
廃棄部位： 桜葉"
736,桜もち　関西風　つぶあん入り,197,3,0,1,47,"別名： 道明寺
小豆つぶしあん入り
部分割合： 道明寺種皮 3、あん 2
廃棄部位： 桜葉"
737,桜もち　関東風　こしあん入り,235,5,0,3,54,"小豆こしあん入り
部分割合： 小麦粉皮 4、あん 5
廃棄部位： 桜葉"
738,桜もち　関東風　つぶあん入り,237,4,1,3,54,"小豆つぶしあん入り
部分割合： 小麦粉皮 4、あん 5
廃棄部位： 桜葉"
739,笹だんご　こしあん入り,227,4,1,2,55,小豆こしあん入り
740,笹だんご　つぶあん入り,228,5,1,2,54,小豆つぶしあん入り
741,ずんだあん,190,6,3,3,37,別名：ずんだ
742,ずんだもち,212,5,2,1,45,部分割合： ずんだ4、もち6
743,大福もち　こしあん入り,223,5,1,2,53,"小豆こしあん入り
部分割合： もち皮 10、あん 7"
744,大福もち　つぶあん入り,223,5,1,3,53,"小豆つぶしあん入り
部分割合： もち皮 10、あん 7"
745,ちまき,150,1,0,0,37,上新粉製品
746,どら焼　こしあん入り,282,7,3,2,58,"小豆こしあん入り
部分割合： 皮 5、あん 4"
747,どら焼　つぶあん入り,292,7,3,2,58,"小豆つぶしあん入り
部分割合： 皮 5、あん 4"
748,生八つ橋,275,4,1,2,65,"小豆つぶしあん入り
部分割合： 皮 4、あん 6"
749,ねりきり,259,5,0,4,60,
750,くずまんじゅう,218,1,0,1,53,"小豆つぶしあん入り
部分割合： 皮 2、あん 3"
751,あんまん　こしあん入り,273,6,6,3,51,"小豆こしあん入り
部分割合： 皮 10、あん 7"
752,あんまん　つぶあん入り,279,6,6,3,51,"小豆つぶしあん入り
部分割合： 皮 10、あん 7"
753,肉まん,242,10,5,3,43,部分割合： 皮 10、肉あん 4.5
754,もなか　こしあん入り,277,5,0,3,66,"小豆こしあん入り
部分割合： 皮 1、あん 9"
755,もなか　つぶあん入り,278,6,1,6,63,"小豆つぶしあん入り
部分割合： 皮 1、あん 9"
756,ゆべし,321,2,4,1,71,試料： くるみ入り
757,練りようかん,289,4,0,3,70,
758,水ようかん,168,3,0,2,40,
759,あめ玉,385,0,0,0,98,食塩添加品あり
760,かりんとう,420,8,12,1,76,
761,しょうゆせんべい,368,7,1,1,84,
762,そばボーロ,398,8,3,2,86,
763,八つ橋,390,3,1,0,94,
764,揚げパン,369,9,19,2,44,揚げパン部分のみ
765,あんパン　こあん入り,267,7,4,3,54,"小豆こしあん入り
部分割合： パン 10、あん 7"
766,あんパン　つぶあん入り,266,7,4,3,53,"小豆つぶしあん入り
部分割合： パン 10、あん 7"
767,あんパン　薄皮タイプ　こしあん入り,256,7,4,2,52,"ミニあんパン
小豆こしあん入り
部分割合： パン 22、あん 78"
768,あんパン　薄皮タイプ　つぶあん入り,258,7,4,3,51,"ミニあんパン
小豆つぶしあん入り
部分割合： パン 22、あん 78 "
769,カレーパン,302,7,18,2,32,"製品全体
部分割合： パン 69、具 31"
770,クリームパン,286,8,7,1,48,部分割合： パン 5、カスタードクリーム 3
771,クリームパン　薄皮タイプ,218,6,7,1,34,"ミニクリームパン
部分割合： パン 31、カスタードクリーム 69"
772,ジャムパン,285,5,4,2,58,部分割合： パン 5、いちごジャム 3
773,チョココロネ,320,6,15,1,44,"部分割合： パン 5、チョコクリーム 4
テオブロミン：Tr、ポリフェノール： Tr"
774,チョコパン　薄皮タイプ,340,5,19,1,40,"ミニチョコパン
部分割合： パン 31、チョコクリーム 69
テオブロミン： Tr、ポリフェノール： 0.1 g"
775,メロンパン,349,8,11,2,60,
776,シュークリーム,211,6,11,0,26,"エクレアを含む
部分割合： 皮 1、カスタードクリーム 5"
777,スポンジケーキ,283,8,8,1,52,
778,いちごのショートケーキ,314,7,15,1,43,部分割合：スポンジケーキ3、ホイップクリーム1、イチゴ1
779,タルト,247,5,14,1,31,
780,ベイクドチーズケーキ,299,9,21,0,23,
781,レアチーズケーキ,349,6,28,0,23,
782,ドーナッツ,367,7,12,1,60,
783,アップルパイ,294,4,18,1,33,部分割合： パイ皮 1、甘煮りんご 1
784,ミートパイ,381,10,30,2,22,
785,バターケーキ,422,6,25,1,48,パウンドケーキ、マドレーヌを含む
786,ホットケーキ,253,8,5,1,45,
787,ワッフル　カスタードクリーム入り,241,7,8,1,38,部分割合： 皮 1、カスタードクリーム 1
788,カスタードプリン,116,6,6,0,14,"別名： プリン、カスタードプディング
プリン部分のみ"
789,牛乳寒天,61,1,1,1,12,杏仁豆腐を含む
790,こんにゃくゼリー,65,0,0,1,16,
791,コーヒーゼリー,43,2,0,0,10,"別名：コーヒーゼリー
ゼラチンゼリー
ゼリー部分のみ
カフェイン： 0.1 g、タンニン：0.2g"
792,ババロア,204,6,13,0,20,ババロア部分のみ
793,ウエハース,439,8,14,1,75,乳幼児用としてカルシウム、 ビタミン等添加品あり
794,ウエハース　クリーム入り,492,8,22,2,66,乳幼児用としてカルシウム、 ビタミン等添加品あり
795,サブレ,459,6,17,1,74,
796,ハードビスケット,422,8,10,2,78,乳幼児用としてカルシウム、 ビタミン等添加品あり
797,ソフトビスケット,512,6,28,1,63,クッキーを含む
798,プレッツェル,465,10,19,3,68,
799,リーフパイ,558,6,36,2,56,"パルミエを含む
別名： パフ"
800,ロシアケーキ,486,6,23,2,66,部分割合： ビスケット 4、マカロン 2、クリーム 1
801,小麦粉あられ,472,8,20,2,69,別名： 小麦粉系スナック
802,コーンスナック,516,5,27,1,65,
803,ポテトチップス　ポテトチップス,541,5,35,4,55,別名：ポテトチップ
804,ポテトチップス　成形ポテトチップス,515,6,32,5,57,別名：ポテトチップ
805,キャラメル,426,4,12,0,78,試料： ハードタイプ
806,ゼリーキャンデー,334,(Tr),0,1,84,寒天ゼリー
807,ゼリービーンズ,358,(Tr),(Tr),1,90,部分割合： 糖衣 5、ゼリー 6
808,ドロップ,389,0,0,0,98,
809,バタースコッチ,414,(Tr),7,0,91,
810,マシュマロ,324,2,0,0,79,
811,ラムネ,373,0,1,0,92,
812,アーモンドチョコレート,562,11,40,6,43,"部分割合： チョコレート 27、アーモンド 15
テオブロミン： 0.1 g、カフェイン： 0 g、ポリフェノール： 0.5 g "
813,ホワイトチョコレート,588,7,40,1,51,ポリフェノール： Tr
814,ミルクチョコレート,550,7,34,4,56,テオブロミン： 0.2 g、カフェイン： Tr、ポリフェノール： 0.7 g
815,マロングラッセ,303,1,0,-,77,
816,板ガム,388,0,0,0,97,廃棄部位： ガムベース
817,風船ガム,387,0,0,0,97,廃棄部位： ガムベース
818,カスタードクリーム,174,5,8,0,25,業務用
819,おしるこ　こしあん,211,5,0,3,49,"別名： 御膳しるこ
具材は含まない"
820,おしるこ　つぶあん,179,4,0,4,41,"別名： 田舎しるこ、ぜんざい
具材は含まない"
821,チョコレートクリーム,481,5,32,1,47,テオブロミン： Tr
822,純米酒,102,0,Tr,0,4,"別名： 日本酒
アルコール： 15.4 容量 %
(100 g： 100.2 mL、100 mL： 99.8 g)"
823,本醸造酒,106,0,0,0,5,"別名： 日本酒
アルコール： 15.4 容量 %
(100 g： 100.2 mL、100 mL： 99.8 g)"
824,吟醸酒,103,0,0,0,4,"別名： 日本酒
アルコール： 15.7 容量 %
(100 g： 100.3 mL、100 mL： 99.7 g)"
825,純米吟醸酒,102,0,0,0,4,"別名： 日本酒
アルコール： 15.1 容量 %
(100 g： 100.2 mL、100 mL： 99.8 g)"
826,黒ビール,45,0,Tr,0,4,"生ビールを含む
アルコール： 5.3容量 %
(100 g： 99.0 mL、100 mL： 101.0 g)"
827,発泡酒,44,0,0,0,4,"アルコール： 5.3 容量 %
(100 g： 99.1 mL、100 mL： 100.9 g)"
828,白ワイン,75,0,Tr,-,2,"別名： 白ワイン
アルコール： 11.4 容量 %
(100 g： 100.2 mL、100 mL： 99.8 g)"
829,赤ワイン,68,0,Tr,-,2,"別名： 赤ワイン
アルコール： 11.6 容量 %
(100 g： 100.4 mL、100 mL： 99.6 g)"
830,ロゼワイン,71,0,Tr,0,4,"別名： ロゼワイン
アルコール： 10.7 容量 %
(100 g： 99.8 mL、100 mL： 100.2 g)"
831,紹興酒,126,2,Tr,Tr,5,"アルコール： 17.8 容量 %
(100 g： 99.4 mL、100 mL： 100.6 g)"
832,泡盛,206,Tr,Tr,-,0,"(100g： 104.4mL、100mL： 95.8g)
アルコール： 35.4容量%"
833,ウイスキー,234,0,0,0,0,"アルコール： 40.0 容量 %
(100 g： 105.0 mL、100 mL： 95.2 g)"
834,ブランデー,234,0,0,0,0,"アルコール： 40.0 容量 %
(100 g： 105.0 mL、100 mL： 95.2 g)"
835,ウオッカ,237,0,0,0,Tr,"アルコール：40.4 容量 %
(100 g： 105.3 mL、100 mL： 95.0 g)"
836,ジン,280,0,Tr,0,0,"アルコール： 47.4 容量 %
(100 g： 106.4 mL、100 mL： 94.0 g)"
837,ラム,237,0,Tr,0,0,"アルコール： 40.5 容量 %
(100 g： 105.2 mL、100 mL： 95.1 g)"
838,梅酒,155,0,Tr,-,21,"アルコール： 13.0 容量 %
(100 g： 96.2 mL、100 mL： 103.9 g)"
839,本みりん,241,0,Tr,-,43,"アルコール： 14.0 容量 %
(100 g： 85.5 mL、100 mL： 117.0 g)"
840,薬味酒,181,Tr,Tr,-,27,"アルコール： 14.6 容量 %
(100 g： 91.5 mL、100 mL： 109.3 g)"
841,キュラソー,319,Tr,Tr,-,26,"試料： オレンジキュラソー
アルコール： 40.4 容量 %
(100 g： 95.0 mL、100 mL： 105.3 g)"
842,スイートワイン,125,0,0,-,13,"アルコール： 14.5 容量 %
(100 g： 96.4 mL、100 mL： 103.7g)"
843,缶チューハイ　レモン風味,51,0,Tr,0,3,"アルコール： 7.1 容量 %
(100 g： 99.9 ml、100 ml： 100.1 g)"
844,玉露,5,1,0,-,Tr,"浸出法： 茶 10 g/60 °C 60 mL、2.5分
カフェイン： 0.16 g、タンニン： 0.23 g"
845,抹茶,237,30,5,39,40,"粉末製品
(100 g：182mL、100 mL：55g)
カフェイン： 3.2 g、タンニン： 10.0 g、硝酸イオン： Tr"
846,せん茶,2,0,0,-,0,"浸出法： 茶 10 g/90 °C 430 mL、1分
カフェイン： 0.02 g、タンニン： 0.07 g"
847,番茶,0,Tr,0,-,0,"浸出法： 茶 15 g/90 °C 650 mL、0.5分
カフェイン： 0.01 g、タンニン： 0.03 g"
848,ほうじ茶,0,Tr,0,-,0,"浸出法： 茶 15 g/90 °C 650 mL、0.5分
カフェイン： 0.02g、タンニン： 0.04g"
849,玄米茶,0,0,0,0,0,"浸出法： 茶 15 g/90 °C 650 mL、0.5分
カフェイン： 0.01 g、タンニン： 0.01 g"
850,ウーロン茶,0,Tr,0,-,0,"浸出法： 茶 15 g/90 °C 650 mL、0.5分
カフェイン： 0.02 g、タンニン： 0.03 g"
851,紅茶,1,0,0,-,0,"浸出法： 茶 5 g/熱湯 360 mL、1.5分～4分
カフェイン： 0.03 g、タンニン： 0.10 g"
852,ドリップコーヒー,4,0,Tr,-,1,"浸出法： コーヒー粉末 10 g/熱湯150 mL
カフェイン： 0.06 g、タンニン： 0.25 g"
853,インスタントコーヒー,287,15,0,-,57,"顆粒製品
カフェイン： 4.0 g、タンニン： 12.0 g"
854,コーヒー飲料　乳成分入り　加糖,38,1,0,-,8,"別名： 缶コーヒー
試料： 缶製品
(100 g：98mL、100 mL：102g)"
855,ピュアココア,386,19,22,24,42,"別名： 純ココア
粉末製品
(100 g：222mL、100 mL：45g)
テオブロミン： 1.7 g、カフェイン： 0.2 g、ポリフェノール： 4.1 g"
856,ミルクココア,400,7,7,6,80,"別名： インスタントココア、調整ココア
粉末製品
テオブロミン： 0.3 g、カフェイン： Tr、ポリフェノール： 0.9 g　　"
857,青汁　ケール,312,14,4,28,70,"粉末製品
硝酸イオン： 0.7 g　　"
858,甘酒,76,2,0,0,18,(100 g：96mL、100 mL：104g)
859,昆布茶,173,5,0,3,42,"粉末製品
(100 g：198mL、100 mL：51g)"
860,,21,0,Tr,Tr,5,(100 g：99mL、100 mL：101g)
861,コーラ,46,0,Tr,-,11,(100 g：98mL、100 mL：103g)
862,サイダー,41,Tr,Tr,-,10,(100 g：98mL、100 mL：103g)
863,ビール風味炭酸飲料,5,0,Tr,-,1,"別名： ノンアルコールビール
(100 g： 99.5 mL、100 mL： 100.5 g)"
864,麦茶,1,Tr,0,-,0,浸出法： 麦茶 50 g/ 湯 1500 mL、沸騰後 5 分放置
865,ウスターソース,117,1,0,1,27,(100 g： 83.7 mL、100 mL： 119.5 g)
866,中濃ソース,129,1,0,1,31,(100 g： 86 mL、100 mL： 116 g)
867,濃厚ソース,130,1,0,1,31,
868,お好み焼きソース,144,2,0,1,34,(100 g： 86 mL、100 mL： 117g)
869,豆板醤,49,2,2,4,8,(100 g： 88 mL、100 mL： 113g)
870,チリペッパーソース,58,1,1,-,13,タバスコソース等を含む
871,ラー油,887,0,100,-,Tr,使用油配合割合： ごま油 8、 とうもろこし油 2
872,こいくちしょうゆ,76,8,0,(Tr),8,(100 g： 84.7 mL、100 mL： 118.1 g)
873,こいくちしょうゆ　減塩,68,8,Tr,0,9,(100 g： 89.3 mL、100 mL： 112.0 g)
874,うすくちしょうゆ,60,6,0,(Tr),6,(100 g： 84.7 mL、100 mL： 118.1 g)
875,うすくちしょうゆ　低塩,77,6,Tr,Tr,8,"食物繊維：AOAC2011.25法
(100 g： 87.8 mL、100 mL： 113.9 g)"
876,だししょうゆ,39,4,0,(Tr),4,こいくちしょうゆ1、かつお昆布だし1
877,食塩,0,0,0,0,0,"塩事業センター及び日本塩工業会の品質規格では塩化ナトリウム99 %以上
(100 g：83mL、100 mL：120g)"
878,並塩,0,0,0,0,0,"別名： あら塩
塩事業センター及び日本塩工業会の品質規格では塩化ナトリウム95 %以上
(100 g：111mL、100 mL：90g)"
879,黒酢,54,1,0,0,9,
880,穀物酢,25,0,0,0,2,(100 g：100mL、100 mL：100g)
881,米酢,46,0,0,0,7,(100 g：100mL、100 mL：100g)
882,バルサミコ酢,99,1,0,0,19,(100 g：100mL、100 mL：100g)
883,ぶどう酢,22,0,Tr,0,1,別名： ワインビネガー、 ワイン酢
884,りんご酢,26,0,0,0,2,別名： サイダービネガー
885,しいたけだし,4,0,0,-,1,"液状だし
７％のしいたけでとっただし"
886,煮干しだし,1,0,0,0,Tr,"液状だし
3％の煮干しでとっただし"
887,鶏がらだし,7,1,0,0,Tr,"別名： 鶏ガラスープ
試料： 調理した液状だし
鶏がらからとっただし　"
888,中華だし,3,1,0,-,Tr,"別名：湯（たん）
液状だし
鶏肉、豚もも肉、ねぎ、しょうがなどでとっただし　　　"
889,洋風だし,6,1,0,-,0,"別名： スープストック、ブイヨン
液状だし
牛もも肉、にんじん、たまねぎ、セロリーなどでとっただし　"
890,固形ブイヨン,233,7,4,0,42,"別名： 固形コンソメ
顆粒状の製品を含む
固形だし"
891,顆粒中華だし,210,13,2,0,37,"粉末製品を含む
顆粒だし"
892,顆粒和風だし,223,24,0,0,31,"別名： 顆粒風味調味料
粉末製品を含む
顆粒だし
(100 g：155mL、100 mL：64g)"
893,めんつゆ　ストレート,44,2,0,-,9,液状だし
894,めんつゆ　三倍濃縮,98,5,0,-,20,"液状だし
(100 g：86mL、100 mL：116g)"
895,甘酢,116,0,0,0,28,
896,エビチリの素,54,1,1,1,10,
897,オイスターソース,105,8,0,0,18,"別名： かき油
(100 g：81mL、100 mL：123g)"
898,いしる　（いしり）,67,13,0,0,4,"別名： 原材料がいかの場合はいしり、いわし等の場合はいしる又はよしる等
(100 g： 81.4 mL、100 mL： 122.9 g)"
899,しょっつる,29,6,0,0,1,(100 g： 83.1 mL、100 mL： 120.3 g)
900,ナンプラー,47,9,0,0,3,"別名： 魚醤
(100 g： 81.9 mL、100 mL： 122.1 g)"
901,ごまだれ,282,7,15,3,29,
902,三杯酢,85,1,0,0,18,材料割合：米酢100、上白糖18、うすくちしょうゆ18、かつお・昆布だし15
903,二杯酢,59,4,0,(Tr),8,材料割合：米酢10、こいくちしょうゆ8
904,すし酢,150,0,0,0,35,材料割合：米酢15 、上白糖7 、食塩1.5
905,中華風合わせ酢,153,3,3,(Tr),25,材料割合：こいくちしょうゆ45、米酢45、砂糖22.5、ごま油4、しょうが2
906,デミグラスソース,82,3,3,-,11,別名： ドミグラスソース
907,テンメンジャン,249,9,8,3,38,別名：中華甘みそ
908,冷やし中華のたれ,114,2,1,0,23,"別名： 冷やし中華用スープ
(100 g： 87.6 mL、100 mL： 114.1 g)"
909,ホワイトソース,99,2,6,0,9,別名： ベシャメルソース
910,ぽん酢しょうゆ,49,3,0,0,7,別名： ポン酢
911,マーボー豆腐の素,115,4,6,-,10,試料： レトルトパウチのストレート製品
912,マリネ液,66,0,0,0,11,
913,ミートソース,96,4,5,-,10,"試料： 缶詰及びレトルトパウチ製品
(100 g：94mL、100 mL：107g)"
914,焼きそば粉末ソース,248,6,1,3,62,食物繊維：AOAC2011.25法
915,焼き鳥のたれ,131,3,0,(Tr),29,
916,焼き肉のたれ,164,4,2,0,32,
917,みたらしのたれ,127,1,0,0,31,
918,ゆずこしょう,37,1,1,6,9,
919,トマトピューレー,44,2,0,2,10,"別名： トマトピューレ
食塩無添加品
(100 g：95mL、100 mL：105g)"
920,トマトペースト,94,4,0,5,22,食塩無添加品
921,トマトケチャップ,104,2,0,2,28,(100 g：87mL、100 mL：115g)
922,トマトソース,41,2,0,1,9,(100 g：103mL、100 mL：97g)
923,チリソース,112,2,0,2,26,
924,マヨネーズ,668,1,76,0,4,"使用油： なたね油 、 とうもろこし油、大豆油
(100 g：105mL、100 mL：95g)"
925,減塩みそ,190,11,6,4,26,(100 g：87mL、100 mL：115g)
926,辛子酢みそ,216,5,2,3,45,
927,ごまみそ,245,9,10,6,33,
928,酢みそ,211,5,2,3,45,
929,練りみそ,267,6,2,3,59,
930,カレールウ,474,7,34,6,45,食物繊維：AOAC2011.25法
931,ハヤシルウ,501,6,33,3,48,
932,お茶漬けの素　さけ,251,20,4,4,37,
933,キムチの素,125,5,1,4,26,
934,酒かす,215,15,2,5,24,
935,即席すまし汁,194,18,1,3,31,
936,ふりかけ　たまご,428,23,22,5,40,
937,みりん風調味料,225,0,0,0,56,"アルコール： 0.5容量%
(100 g： 78.8 mL、100 mL： 126.9 g)"
938,料理酒,88,0,Tr,0,5,"アルコール： 13.6 容量%
(100 g： 98.4 mL、100 mL： 101.6 g)"
939,オールスパイス　粉,364,6,6,-,75,
940,オニオンパウダー,363,9,1,-,80,食塩添加品あり
941,からし　粉,435,33,14,-,44,"和がらし及び洋がらしを含む
(100 g：250mL、100 mL：40g)"
942,からし　練り,314,6,15,-,40,和風及び洋風を含む
943,マスタード,175,5,11,-,13,別名： フレンチマスタード
944,粒入りマスタード,229,8,16,-,13,別名： あらびきマスタード
945,カレー粉,338,13,12,37,63,
946,クローブ　粉,398,7,14,-,66,別名： ちょうじ
947,こしょう　黒　粉,362,11,6,-,67,別名： ブラックペッパー
948,こしょう　白　粉,376,10,6,-,70,別名： ホワイトペッパー
950,さんしょう　粉,375,10,6,-,70,
951,シナモン　粉,356,4,4,-,80,別名： にっけい、にっき
952,しょうが　粉,365,8,5,-,73,別名： ジンジャー
953,おろししょうが,41,1,1,-,9,"試料： チューブ入り
ビタミンC： 添加品を含む"
954,セージ　粉,377,6,10,-,67,
955,タイム　粉,342,7,5,-,70,
956,チリパウダー,374,15,8,-,60,
957,とうがらし　粉,412,16,10,-,67,別名： 一味唐辛子
958,ナツメグ　粉,520,6,39,-,48,別名： にくずく
959,ガーリックパウダー　食塩無添加,380,20,1,-,74,
960,ガーリックパウダー　食塩添加,382,20,1,-,74,
961,おろしにんにく,170,5,1,-,37,試料： チューブ入り
962,バジル　粉,307,21,2,-,51,別名： めぼうき、 バジリコ
963,パセリ　乾,341,29,2,-,52,
964,パプリカ　粉,385,16,12,-,56,
965,わさび　練り,265,3,10,-,40,試料： わさび及びホースラディシュ混合製品、 チューブ入り
966,酵母　パン酵母　乾燥,307,37,7,33,43,別名： ドライイースト
967,ベーキングパウダー,150,Tr,1,-,29,"加熱により発生する二酸化炭素等： 23.5 g
(100 g：133mL、100 mL：75g)"
968,青菜の白和え,81,4,3,2,11,
969,いんげんのごま和え,77,4,3,3,9,
970,わかめとねぎの酢みそ和え,85,4,1,3,16,
971,とん汁,26,2,2,1,2,別名：ぶた汁
972,紅白なます,34,1,1,1,7,
973,卯の花,84,4,4,5,11,
974,親子丼の具,101,8,5,0,6,
975,牛丼の具,122,4,9,1,6,別名：牛丼の具
976,切り干し大根の煮物,48,2,3,2,6,
977,きんぴらごぼう,84,1,5,3,11,
978,ぜんまいの煮物,80,3,4,2,9,
979,筑前煮,85,4,4,2,10,別名：とり肉と野菜の炒め煮、炒り鶏、筑前炊き、がめ煮
980,肉じゃが,78,4,1,1,13,
981,ひじきの煮物,75,3,4,3,10,
982,アジの南蛮漬け,109,8,6,1,6,
983,松前漬け,166,17,1,2,25,"液汁を除いたもの
するめ、昆布、かずのこ等を含む"
984,チキンカレー,131,6,9,1,8,
985,ビーフカレー,119,2,9,1,8,缶詰製品を含む
986,ポークカレー,116,3,9,1,8,
987,カニクリームコロッケ,255,5,17,1,22,
988,コーンクリームコロッケ,245,5,16,1,23,
989,ポテトコロッケ,226,5,13,2,25,フライ済みの食品を冷凍したもの
990,チキンシチュー,124,6,8,1,8,
991,ビーフシチュー,153,4,13,1,7,缶詰製品を含む
992,ミートボール,199,10,13,1,13,別名：肉団子
993,かぼちゃスープ,73,2,4,1,10,別名：パンプキンクリームスープ
994,コーンポタージュ,62,2,3,1,9,"缶詰製品を含む
試料： ストレートタイプ"
995,合いびきハンバーグ,197,13,12,1,10,
996,チキンハンバーグ,171,13,10,1,9,
997,豆腐ハンバーグ,142,10,9,1,8,
998,いかフライ,227,13,11,1,20,
999,えびフライ,236,16,12,1,21,
1000,白身フライ,299,10,22,-,16,
1001,メンチカツ,273,11,19,2,19,
1002,えびグラタン,128,6,7,1,12,
1003,えびピラフ,146,3,2,1,30,食物繊維：AOAC2011.25法
1004,ぎょうざ,209,7,11,2,22,
1005,しゅうまい,191,9,9,2,20,
1006,中華ちまき,174,6,6,1,28,
1007,酢豚,77,5,3,1,8,
1008,八宝菜,64,6,3,1,4,別名：五目うま煮
1009,麻婆豆腐,104,8,7,1,4,食物繊維：AOAC2011.25法
1010,もやしのナムル,70,3,5,3,6,